"","STCODE","ENTITY","SITECODE","WATERYEAR","Q_AREA_YR","QCODE_YR","PH_YR","PHCODE_YR","COND_YR","CONDCODE_YR","ALK_YR","ALKCODE_YR","SSED_YR","SSEDCODE_YR","SI_YR","SICODE_YR","UTP_YR","UTPCODE_YR","TDP_YR","TDPCODE_YR","PARTP_YR","PARTPCODE_YR","PO4P_YR","PO4PCODE_YR","UTN_YR","UTNCODE_YR","TDN_YR","TDNCODE_YR","DON_YR","DONCODE_YR","PARTN_YR","PARTNCODE_YR","UTKN_YR","UTKNCODE_YR","TKN_YR","TKNCODE_YR","NH3N_YR","NH3NCODE_YR","NO3N_YR","NO3NCODE_YR","NA_YR","NACODE_YR","K_YR","KCODE_YR","CA_YR","CACODE_YR","MG_YR","MGCODE_YR","SO4S_YR","SO4SCODE_YR","CL_YR","CLCODE_YR","DOC_YR","DOCCODE_YR"
"1","CF002",3,"GSLOOK",2005,108.04,"E",7.4,"I",35.2,"I",18,"I",2.1,"I",8.25,"I",0.029,"I",0.027,"I",0.003,"ID",0.012,"I",0.07,"I",0.04,"I",0.04,"ID*",0.02,"ID",NA,"N",NA,"N",0.008,"I",0,"I*",2.22,"I",0.46,"I",3.33,"I",0.88,"I",0.07,"I",0.61,"I",1.43,"I"
"2","CF002",3,"GSLOOK",2006,187.45,"E",7.4,"A",28.6,"A",14.3,"A",89.02,"A",7.26,"A",0.068,"Q",0.02,"A",0.048,"DQ",0.013,"A",0.12,"A",0.05,"A",0.03,"D*",0.07,"D",NA,"N",NA,"N",0.015,"A",0.01,"*",1.87,"A",0.38,"A",2.65,"A",0.75,"A",0.08,"A",0.73,"A",1.13,"A"
"3","CF002",3,"GSLOOK",2007,158.96,"E",7.3,"A",29.9,"A",14.53,"A",9.83,"A",7.77,"A",0.035,"A",0.025,"A",0.009,"D",0.014,"A",0.07,"A",0.05,"A",0.03,"D*",0.02,"D",NA,"N",NA,"N",0.01,"*",0.013,"*",2.01,"A",0.38,"A",2.72,"A",0.93,"A",0.09,"A",0.7,"A",0.97,"A"
"4","CF002",3,"GSLOOK",2008,207.24,"A",7.4,"A",29.2,"A",14.73,"A",2.05,"A",7.33,"A",0.028,"A",0.023,"A",0.005,"D",0.011,"A",0.05,"A",0.05,"A",0.04,"D*",0.01,"D",NA,"N",NA,"N",0.009,"*",0.003,"*",1.93,"A",0.37,"A",2.81,"A",0.76,"A",0.09,"A",0.66,"A",0.84,"A"
"5","CF002",3,"GSLOOK",2009,168.25,"A",7.4,"A",27.5,"A",14.6,"A",19.84,"A",6.91,"A",0.04,"A",0.023,"A",0.017,"D",0.009,"A",0.09,"A",0.05,"A",0.03,"D*",0.04,"D",NA,"N",NA,"N",0.007,"*",0.008,"*",1.88,"A",0.37,"A",2.72,"A",0.72,"A",0.08,"A",0.65,"A",0.97,"A"
"6","CF002",3,"GSLOOK",2010,143.46,"A",7.4,"A",30.1,"A",15.39,"A",19.32,"A",7.27,"A",0.028,"A",0.019,"A",0.009,"D",0.009,"A",0.08,"A",0.05,"A",0.04,"D*",0.03,"D",NA,"N",NA,"N",0.011,"*",0.006,"*",1.86,"A",0.38,"A",2.84,"A",0.57,"A",0.09,"A",0.74,"A",0.96,"A"
"7","CF002",3,"GSLOOK",2011,215.13,"A",7.4,"I",29.3,"I",14.75,"I",3.74,"I",7.2,"I",0.018,"I",0.012,"I",0.005,"ID",0.011,"I",0.06,"IQ",0.05,"IQ",0.03,"IDQ",0.02,"IDQ",NA,"N",NA,"N",0.012,"I*",0.002,"I*",1.89,"I",0.36,"I",2.75,"I",0.7,"I",0.08,"I",0.69,"I",0.83,"I"
"8","CF002",3,"GSLOOK",2012,211.54,"E",7.4,"A",27.5,"A",14.39,"A",24.3,"A",7.04,"A",0.021,"A",0.012,"A",0.009,"D",0.009,"A",0.06,"A",0.03,"*",0.02,"D*",0.03,"D",NA,"N",NA,"N",0.006,"*",0.006,"*",1.81,"A",0.34,"A",2.65,"A",0.81,"A",0.08,"A",0.61,"A",0.9,"A"
"9","CF002",3,"GSLOOK",2013,163.41,"A",7.3,"A",29.6,"A",15.34,"A",14.93,"A",7.4,"A",0.017,"A",0.01,"A",0.007,"D",0.008,"A",0.06,"A",0.04,"*",0.04,"D*",0.02,"D",NA,"N",NA,"N",0.004,"*",0.001,"*",1.91,"A",0.38,"A",2.81,"A",0.87,"A",0.08,"A",0.58,"A",0.93,"A"
"10","CF002",3,"GSLOOK",2014,175.9,"E",7.4,"A",29.1,"A",15,"A",15.82,"A",7.23,"A",0.023,"A",0.012,"A",0.01,"D",0.009,"A",0.06,"A",0.04,"A",0.03,"D*",0.03,"D",NA,"N",NA,"N",0.008,"*",0.005,"*",1.91,"A",0.37,"A",2.8,"A",0.86,"A",0.08,"A",0.64,"A",0.88,"A"
"11","CF002",3,"GSLOOK",2015,113.2,"A",7.2,"A",30.6,"A",15.71,"A",22.48,"A",7.45,"A",0.025,"A",0.014,"A",0.011,"D",0.012,"A",0.07,"A",0.06,"A",0.04,"D*",0.02,"D",NA,"N",NA,"N",0.007,"*",0.012,"*",2.01,"A",0.39,"A",3,"A",0.92,"A",0.08,"A",0.62,"A",0.98,"A"
"12","CF002",3,"GSLOOK",2016,155.26,"A",7.4,"A",29.4,"A",15.28,"A",3.8,"A",7.31,"A",0.017,"A",0.013,"A",0.004,"D",0.012,"A",0.06,"*",0.05,"*",0.04,"D",0.01,"D",NA,"N",NA,"N",0.01,"*",0.006,"*",1.89,"A",0.36,"A",2.75,"A",0.86,"A",0.09,"A",0.67,"A",0.89,"A"
"13","CF002",3,"GSLOOK",2017,206.11,"E",7.4,"A",29.1,"A",14.59,"A",4.2,"A",7.08,"A",0.015,"A",0.012,"A",0.003,"D",0.013,"A",0.05,"A",0.04,"A",0.02,"D",0.01,"D",NA,"N",NA,"N",0.008,"*",0.013,"*",1.85,"A",0.35,"A",2.78,"A",0.86,"A",0.08,"A",0.61,"A",0.79,"A"
"14","CF002",3,"GSLOOK",2018,146.41,"E",7.3,"A",31.1,"I",15.97,"A",2.52,"A",7.6,"A",0.016,"A",0.013,"A",0.004,"D",0.012,"A",0.04,"A",0.04,"A",0.02,"D",0.01,"D",NA,"N",NA,"N",0.013,"*",0.002,"*",1.95,"A",0.37,"A",2.96,"A",0.9,"A",0.08,"A",0.6,"A",0.81,"A"
"15","CF002",3,"GSMACK",1981,179.99,"E",7.1,"I",25.6,"I",11.71,"I",5.33,"I",6.05,"IQ",NA,"N",0.035,"I",NA,"N",0.007,"I",NA,"N",0.06,"ID",0.02,"ID",NA,"N",NA,"N",0.05,"I",0.022,"I",0.04,"I",1.39,"I",0.36,"I",2.22,"I",0.82,"I",NA,"N",NA,"N",NA,"N"
"16","CF002",3,"GSMACK",1982,267.01,"E",7,"I",21.4,"I",10.62,"I",9.07,"I",5.46,"IQ",NA,"N",0.03,"I",NA,"N",0.009,"I",NA,"N",0.1,"ID",0.05,"ID",NA,"N",NA,"N",0.05,"I",0.005,"I",0.044,"I",1.29,"I",0.33,"I",1.99,"I",0.74,"I",NA,"N",NA,"N",NA,"N"
"17","CF002",3,"GSMACK",1983,224.36,"E",7.1,"I",29.1,"I",12.42,"I",2.57,"A",6.64,"IQ",NA,"N",0.024,"A",NA,"N",NA,"N",NA,"N",0.09,"D",0.03,"D",NA,"N",NA,"N",0.03,"A",0.004,"A",0.065,"A",1.43,"A",1.75,"Q",2.17,"E",0.81,"A",NA,"N",NA,"N",NA,"N"
"18","CF002",3,"GSMACK",1984,255.63,"A",NA,"N",NA,"N",NA,"N",11.14,"A",6.12,"A",NA,"N",0.017,"A",NA,"N",NA,"N",NA,"N",0.16,"DE",0.03,"D",NA,"N",NA,"N",0.03,"A",0.003,"A",0.126,"E",1.31,"A",0.29,"A",2.54,"E",0.69,"A",NA,"N",NA,"N",NA,"N"
"19","CF002",3,"GSMACK",1985,201.01,"E",NA,"N",NA,"N",NA,"N",2.19,"A",6.83,"A",NA,"N",0.03,"A",NA,"N",NA,"N",NA,"N",0.09,"D",0.03,"D",NA,"N",NA,"N",0.03,"A",0.004,"A",0.062,"A",1.38,"A",0.29,"A",2.57,"E",0.8,"A",NA,"N",NA,"N",NA,"N"
"20","CF002",3,"GSMACK",1986,205.06,"A",NA,"N",NA,"N",NA,"N",5.41,"A",6.59,"A",NA,"N",0.022,"A",NA,"N",NA,"N",NA,"N",0.08,"D",0.02,"D",NA,"N",NA,"N",0.02,"A",0.002,"A",0.063,"A",1.4,"A",0.33,"A",2.88,"E",0.84,"A",NA,"N",NA,"N",NA,"N"
"21","CF002",3,"GSMACK",1987,138.07,"E",NA,"N",NA,"N",NA,"N",11.93,"A",6.69,"I",NA,"N",0.025,"A",NA,"N",NA,"N",NA,"N",0.08,"D",0.03,"D",NA,"N",NA,"N",0.03,"A",0.005,"A",0.05,"A",1.55,"A",0.34,"A",2.56,"E",0.91,"A",NA,"N",NA,"N",NA,"N"
"22","CF002",3,"GSMACK",1988,151.08,"A",7.5,"I",36.7,"I",18.92,"I",2.47,"A",6.85,"A",0.041,"I",0.022,"A",0.013,"ID",0.006,"I",0.17,"ID",0.08,"D",0.02,"D",0.09,"ID",0.12,"I",0.03,"A",0.008,"A",0.047,"A",1.43,"A",0.29,"A",2.33,"E",0.87,"A",0.24,"I",1.44,"I",NA,"N"
"23","CF002",3,"GSMACK",1989,188.83,"A",7.3,"A",24.5,"I",11.87,"A",6,"A",6.29,"A",0.026,"A",0.015,"A",0.011,"D",0.007,"A",0.13,"D",0.09,"D",0.02,"D",0.04,"D",0.07,"A",0.03,"A",0.008,"A",0.061,"A",1.37,"A",0.3,"A",2.14,"A",0.8,"A",0.16,"A",0.84,"A",NA,"N"
"24","CF002",3,"GSMACK",1990,154.14,"E",7.2,"A",25.2,"A",12.33,"A",62.35,"A",6.49,"I",0.063,"A",0.013,"A",0.05,"D",0.006,"A",0.37,"D",0.11,"D",0.02,"D",0.26,"D",0.3,"A",0.04,"A",0.011,"A",0.071,"A",1.35,"A",0.31,"A",2.14,"A",0.79,"A",0.14,"A",0.84,"A",NA,"N"
"25","CF002",3,"GSMACK",1991,144.85,"E",7.3,"A",26.1,"A",12.71,"A",4.73,"A",6.62,"I",0.025,"A",0.014,"A",0.011,"D",0.006,"A",0.18,"ID",0.14,"ID",0.03,"ID",0.03,"D",0.07,"A",0.04,"A",0.013,"I*",0.104,"I",1.36,"A",0.31,"A",2.25,"A",0.83,"A",0.09,"I",0.77,"I",NA,"N"
"26","CF002",3,"GSMACK",1992,100.57,"A",7.3,"A",27,"A",12.92,"A",5.82,"A",6.54,"I",0.024,"A",0.014,"A",0.01,"D",0.008,"A",0.22,"ID",0.18,"ID",0.03,"ID",0.04,"D",0.09,"A",0.04,"A",0.01,"I*",0.137,"I",1.39,"A",0.33,"A",2.2,"A",2.23,"A",0.09,"A",0.71,"A",NA,"N"
"27","CF002",3,"GSMACK",1993,203.93,"A",7.2,"A",24.2,"A",12.12,"A",8.52,"A",6.14,"A",0.025,"A",0.014,"A",0.011,"D",0.006,"A",0.14,"D",0.1,"D",0.03,"D",0.05,"D",0.08,"A",0.04,"A",0.011,"*",0.06,"A",1.32,"A",0.3,"A",2.18,"A",0.78,"A",0.1,"A",0.74,"A",NA,"N"
"28","CF002",3,"GSMACK",1994,106.55,"A",7.3,"I",26.3,"I",13.08,"I",4.95,"A",6.3,"I",0.023,"I",0.015,"I",0.008,"ID",0.009,"I",0.16,"ID",0.11,"ID",0.03,"ID",0.04,"ID",0.08,"I",0.03,"I",0.004,"I*",0.078,"I",1.4,"I",0.32,"I",2.35,"I",0.85,"I",0.1,"I",0.65,"I",NA,"N"
"29","CF002",3,"GSMACK",1995,160.43,"E",7.3,"IQ",25.3,"IQ",12.96,"IQ",565.32,"A",6.34,"I",0.053,"I",0.014,"I",0.039,"ID",0.007,"I",0.3,"ID",0.09,"ID",0.03,"ID",0.21,"ID",0.25,"I",0.04,"I",0.01,"I*",0.05,"I",1.35,"I",0.3,"I",2.26,"I",0.79,"I",0.09,"I",0.72,"I",NA,"N"
"30","CF002",3,"GSMACK",1996,259.34,"E",7.3,"I",23.2,"I",12.21,"I",409.3,"IQ",5.99,"I",0.098,"I",0.014,"I",0.084,"ID",0.006,"I",0.56,"ID",0.09,"ID",0.03,"ID",0.47,"ID",0.51,"I",0.04,"I",0.008,"I*",0.053,"I",1.33,"I",0.28,"I",2.07,"I",0.72,"I",0.09,"I",0.59,"I",NA,"N"
"31","CF002",3,"GSMACK",1997,261.51,"A",7.2,"A",22.8,"A",11.71,"A",129.84,"A",5.93,"A",0.106,"Q",0.015,"A",0.091,"DQ",0.006,"A",0.6,"D",0.08,"D",0.03,"D",0.52,"D",0.56,"A",0.04,"A",0.01,"*",0.045,"A",1.28,"A",0.28,"A",2.03,"A",0.72,"A",0.07,"A",0.57,"A",NA,"N"
"32","CF002",3,"GSMACK",1998,156.96,"A",5.5,"A",28.1,"A",11.96,"*",71.95,"A",6.38,"A",0.106,"Q",0.012,"A",0.094,"DQ",0.006,"*",0.57,"D",0.15,"D",0.04,"D",0.42,"D",0.48,"A",0.06,"A",0.024,"*",0.081,"A",1.47,"A",0.33,"A",2.29,"A",0.82,"A",0.1,"I",1.44,"I",NA,"N"
"33","CF002",3,"GSMACK",1999,233.76,"A",7.2,"A",22.7,"A",11.54,"A",11.27,"A",6.13,"A",0.027,"A",0.013,"A",0.015,"D",0.008,"A",0.19,"D",0.14,"D",0.02,"D",0.05,"D",0.11,"A",0.05,"A",0.031,"A",0.082,"A",1.29,"A",0.29,"A",2.11,"A",0.74,"A",0.09,"I",0.62,"I",NA,"N"
"34","CF002",3,"GSMACK",2000,189.41,"A",7.2,"A",23.4,"A",11.75,"A",30.83,"A",6.19,"A",0.033,"A",0.013,"A",0.02,"D",0.008,"*",0.22,"ID",0.11,"DQ",0.03,"DQ",0.1,"ID",0.15,"I",0.05,"Q",0.017,"*",0.069,"*",1.34,"A",0.31,"A",2.15,"A",0.76,"A",0.09,"A",0.77,"A",NA,"N"
"35","CF002",3,"GSMACK",2001,85.93,"A",7.3,"A",26.1,"A",12.75,"A",1.47,"A",6.79,"A",0.016,"A",0.014,"I",0.003,"ID",0.008,"A",0.13,"DQ",0.12,"DQ",0.03,"D*",0.01,"D",0.04,"A",0.03,"A",0.006,"*",0.086,"Q",1.5,"A",0.35,"A",2.46,"A",0.89,"A",0.09,"A",1.16,"A",0.71,"I"
"36","CF002",3,"GSMACK",2002,183.42,"A",7.2,"I",23.2,"I",12.17,"I",2.73,"A",6.13,"I",0.018,"A",0.01,"A",0.008,"D",0.007,"I",0.12,"ID",0.09,"ID",0.03,"ID",0.02,"ID",0.05,"I",0.03,"I",0.007,"I*",0.063,"I",1.35,"I",0.3,"I",2.21,"I",0.78,"I",0.08,"I",0.67,"I",0.8,"I"
"37","CF002",3,"GSMACK",2003,160.68,"A",7.2,"A",23.7,"A",11.67,"A",2.03,"A",6.2,"A",0.017,"A",0.012,"A",0.005,"D",0.007,"A",0.12,"D",0.11,"D",0.04,"D",0.01,"D",0.06,"A",0.05,"A",0.011,"*",0.061,"A",1.37,"A",0.31,"A",2.19,"A",0.84,"A",0.09,"A",0.63,"A",1.23,"I"
"38","CF002",3,"GSMACK",2004,173.19,"A",7.2,"A",24.7,"A",11.79,"A",1.68,"A",6.32,"A",0.017,"A",0.015,"A",0.003,"D",0.007,"A",0.12,"D",0.11,"D",0.03,"ID",0.01,"D",0.06,"A",0.04,"A",0.012,"I*",0.062,"A",1.41,"A",0.31,"A",2.18,"A",0.81,"A",0.08,"A",0.64,"A",0.86,"I"
"39","CF002",3,"GSMACK",2005,117.18,"A",7.3,"A",27.3,"A",13.25,"A",1.02,"A",6.93,"A",0.018,"A",0.017,"A",0.002,"D",0.009,"A",0.13,"D",0.12,"D",0.04,"D*",0.01,"D",0.06,"I",0.06,"I",0.013,"*",0.066,"A",1.47,"A",0.34,"A",2.29,"A",0.64,"A",0.09,"A",0.62,"A",0.95,"A"
"40","CF002",3,"GSMACK",2006,190.92,"A",7.2,"A",24.1,"A",11.79,"A",5.62,"A",6.02,"A",0.025,"Q",0.014,"A",0.011,"DQ",0.007,"A",0.14,"A",0.11,"A",0.03,"D",0.03,"D",NA,"N",NA,"N",0.01,"*",0.068,"A",1.37,"A",0.31,"A",2.16,"A",0.76,"A",0.08,"A",0.68,"A",0.94,"A"
"41","CF002",3,"GSMACK",2007,177.57,"A",7.2,"A",24.4,"A",11.58,"A",3.63,"A",6.49,"A",0.024,"Q",0.015,"A",0.008,"DQ",0.007,"A",0.14,"A",0.12,"A",0.03,"D",0.03,"D",NA,"N",NA,"N",0.006,"*",0.078,"A",1.45,"A",0.33,"A",2.15,"A",0.9,"A",0.09,"A",0.66,"A",0.84,"A"
"42","CF002",3,"GSMACK",2008,227.25,"E",7.3,"A",24.2,"A",11.92,"A",3.15,"A",6.14,"A",0.024,"A",0.016,"A",0.007,"D",0.005,"A",0.11,"A",0.09,"A",0.03,"D*",0.02,"D",NA,"N",NA,"N",0.011,"*",0.043,"A",1.41,"A",0.3,"A",2.26,"A",0.76,"A",0.08,"A",0.62,"A",0.83,"A"
"43","CF002",3,"GSMACK",2009,195.31,"A",7.4,"A",23.5,"A",11.96,"A",5.75,"A",5.85,"A",0.025,"A",0.016,"A",0.009,"D",0.005,"A",0.13,"A",0.1,"A",0.04,"D",0.03,"D",NA,"N",NA,"N",0.01,"*",0.052,"A",1.4,"A",0.3,"A",2.23,"A",0.7,"A",0.08,"A",0.59,"A",0.91,"A"
"44","CF002",3,"GSMACK",2010,154.02,"E",7.4,"A",25.3,"A",12.5,"A",2.13,"A",6.32,"A",0.016,"A",0.012,"A",0.004,"D",0.005,"A",0.12,"A",0.11,"A",0.03,"D",0.02,"D",NA,"N",NA,"N",0.008,"*",0.066,"A",1.4,"A",0.32,"A",2.32,"A",0.55,"A",0.09,"A",0.71,"A",0.92,"A"
"45","CF002",3,"GSMACK",2011,206.66,"E",7.2,"A",23.2,"A",11.49,"A",15.94,"A",5.86,"A",0.033,"A",0.006,"A",0.026,"D",0.005,"A",0.15,"A",0.09,"A",0.03,"D",0.07,"D",NA,"N",NA,"N",0.021,"*",0.039,"A",1.36,"A",0.29,"A",2.1,"A",0.66,"A",0.08,"A",0.63,"A",0.79,"A"
"46","CF002",3,"GSMACK",2012,201.99,"A",7.3,"I",23.1,"I",11.76,"I",3.22,"I",5.9,"I",0.011,"I",0.006,"I",0.005,"ID",0.004,"I",0.09,"I",0.07,"I",0.01,"ID*",0.03,"ID",NA,"N",NA,"N",0.009,"I*",0.048,"I*",1.32,"I",0.28,"I",2.13,"I",0.77,"I",0.08,"I",0.57,"I",0.81,"I"
"47","CF002",3,"GSMACK",2013,165.52,"A",7.3,"I",24.7,"I",12.58,"I",3.46,"I",6.31,"I",0.011,"I",0.006,"I",0.004,"ID",0.006,"I",0.1,"I",0.08,"I",0.02,"ID*",0.02,"ID",NA,"N",NA,"N",0.005,"I*",0.053,"I",1.41,"I",0.31,"I",2.29,"I",0.83,"I",0.09,"I",0.55,"I",0.91,"I"
"48","CF002",3,"GSMACK",2014,188.68,"A",7.3,"A",23.9,"A",12.09,"A",5.73,"A",6.09,"A",0.015,"A",0.006,"A",0.009,"D",0.005,"A",0.11,"A",0.07,"A",0.02,"D*",0.04,"D",NA,"N",NA,"N",0.005,"*",0.043,"A",1.38,"A",0.29,"A",2.22,"A",0.79,"A",0.08,"A",0.59,"A",0.86,"A"
"49","CF002",3,"GSMACK",2015,124.8,"E",7.1,"A",25.3,"A",12.45,"A",6.92,"A",6.29,"A",0.017,"A",0.007,"A",0.009,"D",0.007,"A",0.14,"A",0.11,"A",0.04,"D*",0.03,"D",NA,"N",NA,"N",0.005,"*",0.065,"A",1.44,"A",0.31,"A",2.38,"A",0.86,"A",0.08,"A",0.57,"A",1.01,"A"
"50","CF002",3,"GSMACK",2016,174.63,"A",7.3,"A",24.6,"A",12.41,"A",1.85,"A",6.19,"A",0.009,"A",0.006,"A",0.004,"D",0.006,"A",0.09,"A",0.09,"A",0.03,"D",0.01,"D",NA,"N",NA,"N",0.006,"*",0.054,"A",1.39,"A",0.29,"A",2.23,"A",0.81,"A",0.08,"A",0.62,"A",0.87,"A"
"51","CF002",3,"GSMACK",2017,214.52,"A",7.3,"A",26.8,"A",12.47,"A",1.81,"A",6.28,"A",0.01,"A",0.008,"A",0.002,"D",0.008,"A",0.07,"A",0.06,"A",0.01,"D",0.01,"D",NA,"N",NA,"N",0.007,"*",0.044,"A",1.47,"A",0.31,"A",2.36,"A",0.83,"A",0.08,"A",0.57,"A",0.79,"A"
"52","CF002",3,"GSMACK",2018,162.25,"A",7.2,"A",24.2,"I",12.65,"A",4.89,"A",6.37,"A",0.015,"A",0.008,"A",0.007,"D",0.008,"A",0.11,"A",0.09,"A",0.02,"D",0.02,"D",NA,"N",NA,"N",0.011,"*",0.059,"A",1.41,"A",0.3,"A",2.36,"A",0.84,"A",0.08,"A",0.56,"A",0.83,"A"
"53","CF002",3,"GSWS01",2003,96.51,"A",7.6,"I",51.6,"I",26.48,"I",16.61,"I",10.2,"I",0.031,"I",0.027,"I",0.004,"ID",0.017,"I",0.1,"ID",0.09,"ID",0.05,"ID",0.01,"ID",0.08,"I",0.07,"I",0.019,"I",0.02,"I",3.08,"I",0.22,"I",5.95,"I",1.36,"I",0.2,"I",0.7,"I",1.12,"I"
"54","CF002",3,"GSWS01",2004,103.52,"E",7.4,"I",35.6,"I",17.51,"I",33.59,"I",8.71,"I",0.039,"I",0.031,"I",0.008,"ID",0.022,"I",0.09,"ID",0.08,"ID",0.03,"ID",0.01,"ID",0.07,"I",0.06,"I",0.035,"I",0.016,"I*",2.27,"I",0.18,"I",3.78,"I",0.84,"I",0.15,"I",0.78,"I",1.43,"I"
"55","CF002",3,"GSWS01",2005,63.24,"E",7.5,"A",42.7,"A",21.03,"A",95.79,"A",9.08,"I",0.042,"A",0.031,"A",0.012,"D",0.019,"A",0.15,"D",0.1,"D",0.06,"D",0.06,"D",0.13,"I",0.07,"I",0.02,"A",0.023,"A",2.56,"A",0.19,"A",4.44,"A",0.73,"A",0.17,"A",0.7,"A",1.53,"A"
"56","CF002",3,"GSWS01",2006,119.92,"E",7.4,"A",35.1,"A",17.38,"A",102.95,"A",8.73,"A",0.079,"Q",0.032,"A",0.047,"DQ",0.022,"A",0.2,"A",0.07,"A",0.05,"D",0.14,"D",NA,"N",NA,"N",0.011,"A",0.007,"*",2.23,"A",0.2,"A",3.83,"A",0.75,"A",0.12,"A",0.77,"A",1.45,"A"
"57","CF002",3,"GSWS01",2007,99.83,"A",7.4,"A",35.3,"A",16.94,"A",52.79,"A",9,"A",0.043,"A",0.036,"A",0.007,"D",0.021,"A",0.09,"A",0.06,"A",0.04,"D",0.03,"D",NA,"N",NA,"N",0.007,"*",0.014,"A",2.3,"A",0.19,"A",3.67,"A",0.96,"A",0.14,"A",0.85,"A",1.29,"A"
"58","CF002",3,"GSWS01",2008,121.51,"A",7.4,"A",36.1,"A",17.46,"A",28.4,"A",8.88,"A",0.043,"A",0.037,"A",0.006,"D",0.023,"A",0.09,"A",0.07,"A",0.05,"D",0.02,"D",NA,"N",NA,"N",0.009,"*",0.016,"A",2.3,"A",0.18,"A",3.95,"A",0.74,"A",0.14,"A",0.85,"A",1.23,"A"
"59","CF002",3,"GSWS01",2009,102.43,"A",7.5,"A",34.4,"A",17.43,"A",72.38,"A",8.26,"A",0.068,"A",0.038,"A",0.03,"D",0.022,"A",0.19,"A",0.07,"I",0.05,"ID",0.09,"ID",NA,"N",NA,"N",0.009,"I*",0.007,"*",2.25,"A",0.21,"A",3.76,"A",0.71,"A",0.14,"A",0.81,"A",1.43,"A"
"60","CF002",3,"GSWS01",2010,86.12,"A",7.5,"A",40.6,"A",19.17,"A",32.93,"A",8.67,"A",0.045,"A",0.033,"A",0.011,"D",0.022,"A",0.11,"A",0.07,"A",0.05,"D",0.04,"D",NA,"N",NA,"N",0.013,"*",0.014,"A",2.55,"A",0.19,"A",4.27,"A",0.65,"A",0.15,"A",1.35,"A",1.38,"A"
"61","CF002",3,"GSWS01",2011,129.72,"E",7.5,"I",36.8,"I",17.89,"I",42.54,"I",8.6,"I",0.037,"I",0.027,"I",0.01,"ID",0.024,"I",0.1,"IQ",0.07,"IQ",0.04,"IDQ",0.03,"IDQ",NA,"N",NA,"N",0.015,"I*",0.012,"I*",2.32,"I",0.19,"I",4.01,"I",0.71,"I",0.14,"I",0.84,"I",1.27,"I"
"62","CF002",3,"GSWS01",2012,120.1,"E",7.4,"A",34.6,"A",17.37,"A",16.77,"A",8.51,"A",0.034,"A",0.026,"A",0.008,"D",0.021,"A",0.08,"A",0.05,"A",0.03,"D",0.03,"D",NA,"N",NA,"N",0.011,"*",0.01,"*",2.2,"A",0.18,"A",3.82,"A",0.85,"A",0.14,"A",0.71,"A",1.22,"A"
"63","CF002",3,"GSWS01",2013,96.4,"E",7.4,"A",37.3,"A",18.82,"A",3.34,"A",8.85,"A",0.027,"A",0.024,"A",0.004,"D",0.022,"A",0.09,"A",0.06,"A",0.03,"D",0.02,"D",NA,"N",NA,"N",0.012,"*",0.015,"A",2.35,"A",0.19,"A",4.13,"A",0.92,"A",0.15,"A",0.64,"A",1.29,"A"
"64","CF002",3,"GSWS01",2014,103.44,"A",7.5,"A",37.4,"A",18.67,"A",13.38,"A",8.72,"A",0.035,"I",0.026,"I",0.009,"ID",0.023,"I",0.08,"I",0.05,"I",0.03,"ID",0.03,"ID",NA,"N",NA,"N",0.008,"I*",0.012,"I*",2.33,"A",0.19,"A",4.17,"A",0.92,"A",0.14,"A",0.78,"A",1.21,"A"
"65","CF002",3,"GSWS01",2015,75.18,"E",7.3,"A",39.6,"A",19.07,"A",5.14,"A",8.77,"A",0.036,"A",0.031,"A",0.004,"D",0.029,"A",0.11,"A",0.1,"A",0.06,"D",0.01,"D",NA,"N",NA,"N",0.024,"*",0.017,"A",2.45,"A",0.19,"A",4.37,"A",0.97,"A",0.16,"A",0.85,"A",1.37,"A"
"66","CF002",3,"GSWS01",2016,95.9,"A",7.4,"A",36.6,"A",18.22,"A",6.94,"A",8.75,"A",0.032,"A",0.026,"A",0.006,"D",0.025,"A",0.08,"A",0.07,"A",0.04,"D",0.01,"D",NA,"N",NA,"N",0.016,"*",0.006,"*",2.24,"A",0.18,"A",3.92,"A",0.88,"A",0.15,"A",0.83,"A",1.31,"A"
"67","CF002",3,"GSWS01",2017,132.77,"A",7.5,"A",37.5,"A",18.35,"A",6.88,"A",8.67,"A",0.039,"A",0.033,"A",0.006,"D",0.033,"A",0.09,"A",0.07,"A",0.03,"D",0.03,"D",NA,"N",NA,"N",0.025,"*",0.009,"*",2.32,"A",0.18,"A",4.15,"A",0.91,"A",0.14,"A",0.7,"A",1.17,"A"
"68","CF002",3,"GSWS01",2018,87.8,"A",7.4,"A",39,"I",19.69,"A",5.91,"A",9,"A",0.031,"A",0.027,"A",0.004,"D",0.025,"A",0.06,"A",0.05,"A",0.03,"D",0.01,"D",NA,"N",NA,"N",0.016,"*",0.005,"*",2.38,"A",0.17,"A",4.35,"A",0.95,"A",0.15,"A",0.7,"A",1.21,"A"
"69","CF002",3,"GSWS02",1981,110.06,"E",7.4,"I",39.6,"I",19.08,"I",3.05,"I",9.06,"IQ",NA,"N",0.059,"I",NA,"N",0.019,"I",NA,"N",0.04,"ID",0.04,"ID",NA,"N",NA,"N",0.05,"I",0.007,"I",0.002,"I",2.94,"I",0.43,"I",4.01,"I",0.98,"I",NA,"N",NA,"N",NA,"N"
"70","CF002",3,"GSWS02",1982,177.78,"E",7.2,"I",32.1,"I",14.96,"I",10.9,"I",7.83,"IQ",NA,"N",0.051,"A",NA,"N",0.023,"I",NA,"N",0.04,"ID",0.03,"ID",NA,"N",NA,"N",0.04,"I",0.009,"I",0.001,"I",2.15,"A",0.38,"A",3.11,"A",0.75,"A",NA,"N",NA,"N",NA,"N"
"71","CF002",3,"GSWS02",1983,143.39,"A",7.3,"I",41.1,"I",18.25,"I",2.94,"A",8.61,"IQ",NA,"N",0.047,"A",NA,"N",NA,"N",NA,"N",0.03,"D",0.02,"D",NA,"N",NA,"N",0.03,"A",0.013,"A",0.002,"A",2.34,"A",0.57,"A",3.06,"E",0.83,"A",NA,"N",NA,"N",NA,"N"
"72","CF002",3,"GSWS02",1984,158.05,"A",NA,"N",NA,"N",NA,"N",10.78,"A",8.95,"A",NA,"N",0.039,"A",NA,"N",NA,"N",NA,"N",0.03,"DE",0.03,"D",NA,"N",NA,"N",0.03,"A",0.004,"A",0.002,"E",2.27,"A",0.34,"A",2.89,"E",0.69,"A",NA,"N",NA,"N",NA,"N"
"73","CF002",3,"GSWS02",1985,113.33,"E",NA,"N",NA,"N",NA,"N",5.02,"A",9.38,"A",NA,"N",0.046,"A",NA,"N",NA,"N",NA,"N",0.03,"D",0.02,"D",NA,"N",NA,"N",0.03,"A",0.006,"A",0.001,"A",2.29,"A",0.32,"A",2.9,"E",0.74,"A",NA,"N",NA,"N",NA,"N"
"74","CF002",3,"GSWS02",1986,124.23,"A",NA,"N",NA,"N",NA,"N",49.7,"A",8.74,"A",NA,"N",0.044,"A",NA,"N",NA,"N",NA,"N",0.02,"D",0.01,"D",NA,"N",NA,"N",0.02,"A",0.003,"A",0.001,"A",2.25,"A",0.35,"A",3.31,"E",0.77,"A",NA,"N",NA,"N",NA,"N"
"75","CF002",3,"GSWS02",1987,88.65,"A",NA,"N",NA,"N",NA,"N",4.03,"A",8.73,"I",NA,"N",0.047,"A",NA,"N",NA,"N",NA,"N",0.03,"ID",0.02,"ID",NA,"N",NA,"N",0.03,"I",0.004,"A",0.001,"A",2.47,"A",0.37,"A",3.4,"E",0.85,"A",NA,"N",NA,"N",NA,"N"
"76","CF002",3,"GSWS02",1988,93.87,"E",7.6,"I",53.2,"I",25.29,"I",4.66,"A",8.7,"A",0.049,"I",0.039,"A",0.004,"ID",0.032,"I",0.04,"ID",0.03,"D",0.02,"D",0.01,"ID",0.04,"I",0.03,"A",0.01,"A",0.001,"A",2.33,"A",0.32,"A",3.26,"E",0.78,"A",0.38,"I",0.99,"I",NA,"N"
"77","CF002",3,"GSWS02",1989,135.66,"A",7.4,"A",33.4,"A",15.87,"A",7.78,"A",8.35,"A",0.044,"A",0.034,"A",0.01,"D",0.022,"A",0.05,"ID",0.02,"ID",0.01,"ID",0.03,"ID",0.05,"I",0.02,"I",0.008,"A",0.001,"A",2.25,"A",0.34,"A",3.24,"A",0.74,"A",0.29,"A",1.02,"A",NA,"N"
"78","CF002",3,"GSWS02",1990,98.02,"A",7.4,"A",35.2,"A",17.08,"A",1.42,"A",8.62,"A",0.036,"A",0.032,"A",0.004,"D",0.021,"A",0.04,"D",0.02,"D",0.01,"D",0.01,"D",0.04,"A",0.02,"A",0.008,"A",0.001,"A",2.25,"A",0.36,"A",3.39,"A",0.77,"A",0.2,"A",1.06,"A",NA,"N"
"79","CF002",3,"GSWS02",1991,96.72,"E",7.4,"A",35.2,"A",16.92,"A",1.51,"A",8.9,"A",0.038,"A",0.033,"A",0.005,"D",0.022,"A",0.04,"D*",0.03,"D*",0.02,"D",0.02,"D",0.04,"A",0.03,"*",0.008,"*",0.001,"*",2.23,"A",0.33,"A",3.25,"A",0.79,"A",0.12,"I",1.05,"I",NA,"N"
"80","CF002",3,"GSWS02",1992,76.42,"A",7.4,"A",35.9,"A",17.29,"A",1.9,"A",8.77,"A",0.037,"A",0.033,"A",0.004,"D",0.023,"A",0.04,"D*",0.03,"D*",0.02,"ID",0.01,"D",0.04,"A",0.03,"*",0.009,"I*",0.001,"*",2.32,"A",0.36,"A",3.19,"A",2.25,"A",0.12,"A",0.99,"A",NA,"N"
"81","CF002",3,"GSWS02",1993,144.17,"E",7.4,"A",33.2,"A",16.42,"A",1.54,"A",8.55,"A",0.035,"A",0.033,"A",0.002,"D",0.022,"A",0.03,"D*",0.03,"D*",0.02,"D",0.01,"D",0.03,"A",0.03,"*",0.008,"*",0.001,"*",2.2,"A",0.36,"A",3.24,"A",0.76,"A",0.13,"A",1.01,"A",NA,"N"
"82","CF002",3,"GSWS02",1994,63.8,"E",7.4,"A",35.4,"A",17.37,"A",2.42,"A",8.76,"A",0.039,"A",0.035,"A",0.004,"D",0.023,"A",0.05,"D*",0.03,"D*",0.03,"D",0.02,"D",0.05,"A",0.03,"A",0.005,"*",0,"*",2.35,"A",0.37,"A",3.4,"A",0.8,"A",0.14,"A",0.93,"A",NA,"N"
"83","CF002",3,"GSWS02",1995,129.09,"E",7.5,"Q",34.1,"Q",16.5,"Q",16.62,"A",8.57,"A",0.042,"A",0.034,"A",0.008,"D",0.022,"A",0.05,"D",0.03,"D",0.02,"D",0.03,"D",0.05,"A",0.03,"*",0.01,"*",0.001,"*",2.22,"A",0.34,"A",3.2,"A",0.76,"A",0.12,"A",1.03,"A",NA,"N"
"84","CF002",3,"GSWS02",1996,203.38,"E",7.4,"A",31,"A",16,"A",401.14,"Q",8.32,"A",0.115,"Q",0.033,"A",0.082,"DQ",0.021,"A",0.25,"D*",0.03,"D*",0.02,"D",0.22,"D",0.25,"A",0.03,"A",0.01,"*",0.001,"*",2.2,"A",0.36,"A",3,"A",0.71,"A",0.13,"I",1.02,"I",NA,"N"
"85","CF002",3,"GSWS02",1997,209.24,"A",7.4,"A",30.3,"A",14.87,"A",11.13,"Q",8.15,"A",0.041,"A",0.034,"A",0.007,"D",0.021,"A",0.04,"D",0.02,"D",0.01,"D*",0.01,"D",0.04,"A",0.02,"*",0.01,"*",0.001,"*",2.02,"A",0.34,"A",2.92,"A",0.71,"A",0.1,"A",0.69,"A",NA,"N"
"86","CF002",3,"GSWS02",1998,117.46,"A",7.4,"A",34.8,"A",16.21,"A",6.35,"A",8.62,"A",0.037,"A",0.03,"A",0.007,"D",0.02,"A",0.05,"D",0.03,"D",0.02,"D",0.02,"D",0.05,"A",0.03,"A",0.01,"*",0.002,"*",2.32,"A",0.36,"A",3.29,"A",0.79,"A",0.12,"I",1.16,"I",NA,"N"
"87","CF002",3,"GSWS02",1999,188.14,"A",7.3,"A",29.9,"A",14.79,"A",3.66,"A",8.42,"A",0.033,"A",0.029,"A",0.004,"D",0.02,"A",0.03,"D",0.02,"D",0.01,"D",0.01,"D",0.03,"*",0.02,"*",0.011,"*",0.001,"*",2.06,"A",0.34,"A",2.96,"A",0.7,"A",0.11,"I",0.83,"I",NA,"N"
"88","CF002",3,"GSWS02",2000,154.09,"E",7.3,"A",30.7,"A",15.07,"A",13.34,"A",8.42,"A",0.034,"A",0.03,"A",0.004,"D",0.021,"A",0.04,"D",0.02,"D",0.02,"D",0.02,"D",0.04,"A",0.02,"A",0.008,"*",0.001,"*",2.14,"A",0.36,"A",3.01,"A",0.67,"A",0.11,"A",1.28,"A",NA,"N"
"89","CF002",3,"GSWS02",2001,49.03,"E",7.5,"A",36.6,"A",17.61,"A",1.72,"A",8.96,"A",0.038,"A",0.034,"A",0.004,"D",0.025,"A",0.06,"DQ",0.04,"DQ",0.03,"D",0.01,"D",0.05,"A",0.04,"A",0.016,"*",0.003,"Q",2.62,"A",0.38,"A",3.62,"A",0.82,"A",0.13,"A",1.44,"A",1.35,"I"
"90","CF002",3,"GSWS02",2002,142.18,"A",7.4,"I",31.5,"I",15.82,"I",4.01,"A",8.4,"I",0.032,"A",0.026,"A",0.006,"D",0.02,"I",0.04,"ID",0.03,"ID",0.02,"ID",0.01,"ID",0.04,"I",0.03,"I*",0.005,"I*",0.001,"I*",2.22,"I",0.35,"I",3.19,"I",0.72,"I",0.12,"I",0.88,"I",0.93,"I"
"91","CF002",3,"GSWS02",2003,118.59,"A",7.4,"A",32.9,"A",16.3,"A",1.56,"A",8.64,"A",0.033,"A",0.029,"A",0.004,"D",0.021,"A",0.04,"D",0.04,"D",0.03,"D",0.01,"D",0.04,"A",0.04,"A",0.008,"*",0.001,"*",2.35,"A",0.37,"A",3.25,"A",0.79,"A",0.12,"A",0.87,"A",1.08,"I"
"92","CF002",3,"GSWS02",2004,128.66,"E",7.3,"A",32.9,"A",15.93,"A",2.62,"A",8.59,"A",0.036,"A",0.032,"A",0.004,"D",0.022,"A",0.07,"D",0.04,"D",0.03,"D",0.02,"D",0.06,"A",0.04,"A",0.014,"*",0.003,"*",2.36,"A",0.36,"A",3.18,"A",0.71,"A",0.13,"A",0.92,"A",1.44,"I"
"93","CF002",3,"GSWS02",2005,89.86,"E",7.4,"A",36.8,"A",17.97,"A",2.74,"A",9.19,"A",0.038,"A",0.034,"A",0.005,"D",0.023,"A",0.06,"D",0.04,"D",0.03,"D",0.02,"D",0.06,"I",0.04,"I",0.01,"*",0.001,"*",2.56,"A",0.37,"A",3.66,"A",0.54,"A",0.12,"A",0.78,"A",1.61,"A"
"94","CF002",3,"GSWS02",2006,148.18,"E",7.4,"A",31.9,"A",15.73,"A",121.48,"A",8.42,"A",0.074,"Q",0.029,"A",0.044,"DQ",0.021,"A",0.14,"A",0.04,"A",0.03,"D",0.11,"D",NA,"N",NA,"N",0.007,"*",0.001,"*",2.42,"A",0.38,"A",3.03,"A",0.67,"A",0.1,"A",0.89,"A",1.53,"A"
"95","CF002",3,"GSWS02",2007,127.11,"E",7.4,"A",32.8,"A",15.81,"A",19.17,"A",8.84,"A",0.044,"A",0.034,"A",0.01,"D",0.021,"A",0.09,"A",0.04,"A",0.04,"D*",0.05,"D",NA,"N",NA,"N",0.005,"*",0,"*",2.37,"A",0.37,"A",3.14,"A",0.85,"A",0.11,"A",0.85,"A",1.25,"A"
"96","CF002",3,"GSWS02",2008,157.13,"E",7.4,"A",32.6,"A",15.74,"A",8.84,"A",8.6,"A",0.04,"Q",0.032,"A",0.008,"DQ",0.019,"A",0.06,"A",0.04,"A",0.04,"D",0.02,"D",NA,"N",NA,"N",0.005,"*",0,"*",2.35,"A",0.35,"A",3.26,"A",0.65,"A",0.11,"A",0.87,"A",1.18,"A"
"97","CF002",3,"GSWS02",2009,125.91,"E",7.5,"A",31.2,"A",15.68,"A",74.37,"A",8.03,"A",0.07,"A",0.034,"A",0.036,"D",0.017,"A",0.13,"A",0.04,"A",0.04,"D",0.1,"D",NA,"N",NA,"N",0.005,"*",0.001,"*",2.31,"A",0.36,"A",3.11,"A",0.62,"A",0.1,"A",0.87,"A",1.45,"A"
"98","CF002",3,"GSWS02",2010,108.72,"A",7.5,"A",34.1,"A",16.89,"A",31.95,"A",8.59,"A",0.056,"Q",0.031,"A",0.025,"DQ",0.02,"A",0.11,"A",0.04,"A",0.04,"D*",0.07,"D",NA,"N",NA,"N",0.007,"*",0,"*",2.29,"A",0.37,"A",3.37,"A",0.51,"A",0.11,"A",0.92,"A",1.46,"A"
"99","CF002",3,"GSWS02",2011,159.35,"E",7.4,"A",32.3,"A",15.76,"A",12.68,"A",8.37,"A",0.033,"A",0.022,"A",0.011,"D",0.02,"A",0.06,"A",0.04,"*",0.03,"D",0.02,"D",NA,"N",NA,"N",0.015,"*",0,"*",2.27,"A",0.35,"A",3.2,"A",0.59,"A",0.11,"A",0.88,"A",1.12,"A"
"100","CF002",3,"GSWS02",2012,149.54,"E",7.4,"A",31.1,"A",15.52,"A",7.48,"A",8.29,"A",0.027,"A",0.02,"A",0.007,"D",0.018,"A",0.05,"*",0.01,"*",0.01,"D",0.04,"D",NA,"N",NA,"N",0.011,"*",0.002,"*",2.23,"A",0.35,"A",3.12,"A",0.74,"A",0.11,"A",0.8,"A",1.15,"A"
"101","CF002",3,"GSWS02",2013,119.34,"E",7.4,"A",33.3,"A",16.71,"A",3.32,"A",8.63,"A",0.024,"A",0.021,"A",0.003,"D",0.019,"A",0.04,"A",0.03,"*",0.03,"D*",0.01,"D",NA,"N",NA,"N",0.004,"*",0.001,"*",2.34,"A",0.36,"A",3.32,"A",0.8,"A",0.11,"A",0.74,"A",1.26,"A"
"102","CF002",3,"GSWS02",2014,125.45,"E",7.4,"A",32.7,"A",16.2,"A",6.33,"A",8.5,"A",0.028,"A",0.022,"A",0.007,"D",0.019,"A",0.04,"A",0.02,"*",0.02,"D*",0.02,"D",NA,"N",NA,"N",0.005,"*",0,"*",2.33,"A",0.36,"A",3.27,"A",0.78,"A",0.11,"A",0.8,"A",1.23,"A"
"103","CF002",3,"GSWS02",2015,88.38,"E",7.3,"I",35.4,"I",17.09,"I",2.22,"I",8.71,"I",0.026,"I",0.024,"I",0.003,"ID",0.022,"I",0.05,"I",0.04,"I",0.03,"ID*",0.01,"ID",NA,"N",NA,"N",0.003,"I*",0.001,"I*",2.5,"I",0.37,"I",3.53,"I",0.84,"I",0.11,"I",0.76,"I",1.47,"I"
"104","CF002",3,"GSWS02",2016,123.87,"E",7.5,"I",32.5,"I",16.26,"I",4.7,"I",8.53,"I",0.029,"I",0.023,"I",0.006,"ID",0.022,"I",0.04,"I*",0.03,"I*",0.02,"ID*",0.01,"ID",NA,"N",NA,"N",0.006,"I*",0.001,"I*",2.25,"I",0.35,"I",3.16,"I",0.77,"I",0.11,"I",0.83,"I",1.26,"I"
"105","CF002",3,"GSWS02",2017,160.59,"A",7.5,"A",33.1,"A",16.04,"A",6.63,"A",8.48,"A",0.032,"A",0.023,"A",0.008,"D",0.024,"A",0.04,"*",0.02,"*",0.01,"D*",0.02,"D",NA,"N",NA,"N",0.005,"*",0.001,"*",2.34,"A",0.35,"A",3.3,"A",0.79,"A",0.11,"A",0.8,"A",1.15,"A"
"106","CF002",3,"GSWS02",2018,108.81,"E",7.4,"A",33,"I",17.11,"A",2.24,"A",8.84,"A",0.027,"A",0.024,"A",0.003,"D",0.024,"A",0.03,"A",0.03,"A",0.02,"D*",0.01,"D",NA,"N",NA,"N",0.008,"*",0,"*",2.38,"A",0.35,"A",3.42,"A",0.81,"A",0.11,"A",0.76,"A",1.19,"A"
"107","CF002",3,"GSWS06",1972,230.64,"A",7.2,"I",NA,"N",17.46,"A",6.78,"A",5.77,"Q",NA,"N",0.034,"A",NA,"N",0.016,"A",NA,"N",0.03,"D",0.03,"D",NA,"N",NA,"N",0.03,"A",0.006,"A",0,"A",1.86,"A",0.1,"A",3.12,"A",0.9,"A",NA,"N",NA,"N",NA,"N"
"108","CF002",3,"GSWS06",1973,71.67,"E",7.1,"IE",NA,"N",18.79,"A",4.67,"E",3.88,"Q",NA,"N",0.034,"E",NA,"N",0.011,"E",NA,"N",0.03,"DE",0.02,"IDE",NA,"N",NA,"N",0.02,"E",0.001,"IE",0.003,"E",1.51,"E",0.2,"E",2.25,"E",0.67,"E",NA,"N",NA,"N",NA,"N"
"109","CF002",3,"GSWS06",1974,260.67,"E",7.3,"I",NA,"N",20.58,"A",1.11,"A",5.19,"Q",NA,"N",0.034,"E",NA,"N",0.02,"E",NA,"N",0.02,"DE",NA,"N",NA,"N",NA,"N",0.02,"E",NA,"N",0,"E",2.04,"A",0.58,"A",3.78,"A",1.01,"A",NA,"N",NA,"N",NA,"N"
"110","CF002",3,"GSWS06",1975,195.75,"A",7.4,"I",NA,"N",18.42,"E",4.66,"E",5.14,"Q",0.055,"I",0.03,"A",0.023,"ID",0.01,"A",NA,"N",0.07,"IDE",NA,"N",NA,"N",NA,"N",0.04,"E",NA,"N",0.024,"I",2.03,"A",0.4,"A",3.13,"A",0.86,"A",NA,"N",NA,"N",NA,"N"
"111","CF002",3,"GSWS06",1976,208.52,"A",7.4,"I",34.2,"IE",17.92,"I",8.77,"I",5.04,"IQ",0.041,"I",0.031,"I",0.01,"ID",0.015,"I",NA,"N",0.08,"ID",NA,"N",NA,"N",NA,"N",0.04,"I",NA,"N",0.037,"I",2.01,"I",0.36,"I",4,"I",0.9,"I",NA,"N",NA,"N",NA,"N"
"112","CF002",3,"GSWS06",1977,72.72,"A",7.3,"A",38.6,"A",19.67,"A",1.41,"A",5.11,"Q",0.044,"A",0.026,"A",0.018,"D",0.012,"A",NA,"N",0.09,"D",NA,"N",NA,"N",NA,"N",0.05,"A",NA,"N",0.046,"A",1.99,"A",0.45,"A",4.06,"A",0.91,"E",NA,"N",NA,"N",NA,"N"
"113","CF002",3,"GSWS06",1978,191.85,"E",7.1,"A",36.6,"A",17.08,"A",14.71,"A",5.49,"Q",0.041,"E",0.032,"A",0.01,"DE",0.016,"A",0.04,"ID",0.07,"D",0,"ID",0.01,"ID",0.04,"I",0.04,"A",0.003,"I",0.028,"A",1.93,"E",0.4,"A",3.3,"A",0.86,"A",0.21,"I",2.03,"I",NA,"N"
"114","CF002",3,"GSWS06",1979,146.7,"E",7.4,"I",43.6,"I",18.08,"I",1.75,"I",6.54,"IQ",0.033,"IE",0.025,"I",0.007,"IDE",0.016,"I",0.07,"ID",0.05,"IDE",0.02,"IDE",0.02,"IDE",0.04,"I",0.02,"IE",0.006,"I",0.026,"I",1.63,"I",0.49,"I",3.93,"I",0.82,"I",0.14,"I",0.83,"I",NA,"N"
"115","CF002",3,"GSWS06",1980,144.66,"E",7.2,"A",43,"I",20.42,"A",2.66,"A",7.98,"Q",0.035,"A",0.031,"A",0.004,"D",0.015,"A",0.05,"DE",0.04,"D",0.02,"D",0.01,"DE",0.04,"E",0.03,"A",0.008,"A",0.01,"A",1.97,"A",0.45,"A",3.31,"A",0.95,"A",0.29,"I",0.82,"I",NA,"N"
"116","CF002",3,"GSWS06",1981,158.47,"E",7.2,"A",35.7,"A",20.58,"A",4.05,"A",7.74,"Q",0.038,"A",0.033,"A",0.005,"D",0.015,"A",0.04,"DE",0.03,"DE",0.03,"DE",0,"DE",0.04,"E",0.03,"E",0.004,"A",0.004,"A",1.77,"A",0.37,"A",3.31,"A",0.96,"A",NA,"N",NA,"N",NA,"N"
"117","CF002",3,"GSWS06",1982,222.78,"E",7.2,"A",32.8,"A",16.42,"A",1.37,"I",7.6,"Q",0.044,"A",0.043,"A",0.003,"D",0.015,"I",0.05,"DE",0.04,"D",0.03,"ID",0.01,"DE",0.05,"E",0.04,"A",0.009,"I",0.005,"A",1.89,"A",0.37,"A",3.29,"A",0.93,"A",NA,"N",NA,"N",NA,"N"
"118","CF002",3,"GSWS06",1983,205.44,"A",7.3,"A",33.4,"A",16.42,"A",1.5,"A",6.17,"Q",0.033,"A",0.032,"A",0.003,"D",NA,"N",0.04,"DE",0.04,"DE",0.01,"ID",0.01,"D",0.04,"A",0.04,"A",0.021,"I",0.004,"E",1.84,"A",0.37,"A",3.21,"E",0.9,"A",NA,"N",NA,"N",NA,"N"
"119","CF002",3,"GSWS06",1984,203.79,"E",7.2,"A",31.5,"A",17.12,"A",1.64,"I",8.04,"A",0.025,"A",0.021,"A",0.005,"D",NA,"N",0.05,"DE",0.03,"DE",0.01,"D",0.02,"D",0.03,"A",0.02,"A",0.003,"A",0.017,"E",1.96,"A",0.35,"A",3.13,"E",0.85,"A",0.28,"I",0.74,"I",NA,"N"
"120","CF002",3,"GSWS06",1985,154.38,"E",7.5,"A",36.1,"A",18.04,"A",0.73,"A",8.43,"A",0.036,"A",0.033,"A",0.006,"D",NA,"N",0.03,"ID",0.02,"ID",0.01,"ID",0.01,"ID",0.02,"I",0.02,"I",0.008,"A",0.004,"A",1.95,"A",0.3,"A",3.06,"E",0.91,"A",NA,"N",NA,"N",NA,"N"
"121","CF002",3,"GSWS06",1986,149.66,"A",7.4,"A",34.8,"A",17.04,"A",5.16,"A",8.07,"A",0.033,"A",0.027,"A",0.006,"D",NA,"N",0.03,"D",0.01,"D",0.01,"D",0.02,"D",0.03,"A",0.01,"A",0.004,"A",0.003,"A",1.93,"A",0.34,"A",3.58,"E",0.95,"A",NA,"N",NA,"N",NA,"N"
"122","CF002",3,"GSWS06",1987,118.93,"A",7.4,"I",36,"I",17.62,"I",1.24,"I",8,"I",0.034,"I",0.03,"I",0.004,"ID",NA,"N",0.02,"ID",0.02,"ID",0.02,"ID",0,"ID",0.02,"I",0.02,"I",0.005,"I",0.001,"I",2.02,"I",0.35,"I",3.55,"IE",1,"I",NA,"N",NA,"N",NA,"N"
"123","CF002",3,"GSWS06",2003,124.01,"A",7.5,"I",37,"I",19.12,"I",11.27,"I",8.09,"I",0.021,"I",0.017,"I",0.005,"ID",0.011,"I",0.03,"ID*",0.02,"ID*",0.01,"ID",0.01,"ID",0.03,"I*",0.02,"I*",0.008,"I*",0,"I*",2.02,"I",0.36,"I",3.86,"I",1.21,"I",0.08,"I",0.63,"I",0.55,"I"
"124","CF002",3,"GSWS06",2004,124.81,"A",7.4,"A",37.8,"A",19.33,"A",5.27,"A",8.09,"A",0.024,"Q",0.02,"A",0.004,"DQ",0.012,"A",0.03,"DQ",0.03,"DQ",0.02,"DQ",0.01,"DQ",0.03,"Q",0.03,"Q",0.014,"*",0.001,"*",2.06,"A",0.35,"A",3.93,"A",1.18,"A",0.1,"A",0.65,"A",0.38,"I"
"125","CF002",3,"GSWS06",2005,79.66,"A",7.5,"A",40.1,"A",20.46,"A",2.55,"A",8.62,"A",0.026,"A",0.022,"A",0.004,"D",0.013,"A",0.03,"D*",0.02,"D*",0.02,"D*",0.01,"D",0.03,"I*",0.02,"I",0.008,"*",0,"*",2.14,"A",0.37,"A",4.18,"A",0.82,"A",0.08,"A",0.61,"A",0.53,"A"
"126","CF002",3,"GSWS06",2006,158.58,"E",7.5,"A",37.3,"A",19.21,"A",34.52,"A",7.89,"A",0.027,"A",0.02,"A",0.007,"D",0.012,"A",0.04,"*",0.02,"*",0.01,"D*",0.02,"D",NA,"N",NA,"N",0.011,"*",0,"*",2.03,"A",0.35,"A",3.9,"A",0.99,"A",0.07,"A",0.69,"A",0.54,"A"
"127","CF002",3,"GSWS06",2007,136.55,"E",7.5,"A",37.4,"A",19.04,"A",2.94,"A",8.36,"A",0.027,"A",0.023,"A",0.004,"D",0.012,"A",0.02,"*",0.02,"*",0.02,"D*",0.01,"D",NA,"N",NA,"N",0.003,"*",0,"*",2.11,"A",0.37,"A",3.78,"A",1.26,"A",0.07,"A",0.62,"A",0.42,"A"
"128","CF002",3,"GSWS06",2008,173.41,"E",7.5,"A",39.4,"A",20.08,"A",3.58,"A",8.26,"A",0.025,"A",0.024,"A",0.002,"D",0.012,"A",0.02,"*",0.02,"*",0.02,"D",0,"D",NA,"N",NA,"N",0.005,"*",0,"*",2.15,"A",0.36,"A",4.21,"A",1.01,"A",0.07,"A",0.6,"A",0.39,"A"
"129","CF002",3,"GSWS06",2009,129.48,"A",7.6,"A",36.8,"A",19,"A",143.47,"A",7.79,"A",0.032,"A",0.024,"A",0.008,"D",0.011,"A",0.03,"*",0.02,"A",0.02,"D*",0.01,"D",NA,"N",NA,"N",0.003,"*",0,"*",2.09,"A",0.35,"A",3.91,"A",0.92,"A",0.07,"A",0.6,"A",0.46,"A"
"130","CF002",3,"GSWS06",2010,123,"E",7.6,"A",38.9,"A",19.97,"A",3.01,"A",8.06,"A",0.023,"A",0.021,"A",0.002,"D",0.012,"A",0.02,"*",0.02,"*",0.01,"D*",0.01,"D",NA,"N",NA,"N",0.009,"*",0.001,"*",2.02,"A",0.36,"A",4.08,"A",0.76,"A",0.07,"A",0.64,"A",0.42,"A"
"131","CF002",3,"GSWS06",2011,173.75,"A",7.5,"A",38.6,"A",19.51,"A",20.93,"A",7.79,"A",0.019,"A",0.012,"A",0.007,"D",0.011,"A",0.02,"Q",0.02,"Q",0.02,"DQ",0.01,"DQ",NA,"N",NA,"N",0.011,"*",0,"*",2.08,"A",0.35,"A",4.09,"A",0.9,"A",0.07,"A",0.61,"A",0.47,"A"
"132","CF002",3,"GSWS06",2012,166.82,"A",7.5,"A",36.6,"A",19.05,"A",18.23,"A",7.72,"A",0.015,"A",0.011,"A",0.004,"D",0.01,"A",0.02,"*",0.01,"*",0,"D*",0.01,"D",NA,"N",NA,"N",0.004,"*",0.001,"*",2.02,"A",0.34,"A",3.96,"A",1.02,"A",0.07,"A",0.58,"A",0.56,"A"
"133","CF002",3,"GSWS06",2013,131.01,"E",7.5,"A",37.6,"A",19.53,"A",14.37,"A",8.04,"A",0.014,"A",0.012,"A",0.002,"D",0.011,"A",0.02,"*",0.01,"*",0.01,"D*",0.01,"D",NA,"N",NA,"N",0.003,"*",0,"*",2.08,"A",0.36,"A",3.99,"A",1.05,"A",0.07,"A",0.56,"A",0.57,"A"
"134","CF002",3,"GSWS06",2014,140.82,"A",7.5,"A",38.2,"A",19.71,"A",16.19,"A",7.97,"A",0.017,"A",0.012,"A",0.006,"D",0.011,"A",0.03,"*",0.01,"*",0.01,"D*",0.01,"D",NA,"N",NA,"N",0.004,"*",0,"*",2.1,"A",0.36,"A",4.14,"A",1.07,"A",0.07,"A",0.59,"A",0.56,"A"
"135","CF002",3,"GSWS06",2015,87.44,"E",7.3,"A",37.8,"A",18.96,"A",5.93,"A",7.94,"A",0.016,"A",0.013,"A",0.003,"D",0.013,"A",0.03,"A",0.03,"*",0.03,"D*",0.01,"D",NA,"N",NA,"N",0.003,"*",0,"*",2.04,"A",0.35,"A",4.04,"A",1.06,"A",0.07,"A",0.58,"A",0.51,"A"
"136","CF002",3,"GSWS06",2016,128.58,"A",7.5,"A",39.3,"A",20.51,"A",7.75,"A",8.11,"A",0.015,"A",0.012,"A",0.003,"D",0.012,"A",0.02,"*",0.02,"*",0.01,"D*",0,"D",NA,"N",NA,"N",0.005,"*",0.001,"*",2.1,"A",0.36,"A",4.13,"A",1.09,"A",0.07,"A",0.64,"A",0.58,"A"
"137","CF002",3,"GSWS06",2017,176.04,"A",7.6,"A",39.6,"A",19.9,"A",14.07,"A",7.97,"A",0.015,"A",0.012,"A",0.003,"D",0.014,"A",0.01,"*",0.01,"*",0,"D*",0,"D",NA,"N",NA,"N",0.005,"*",0.001,"*",2.15,"A",0.36,"A",4.24,"A",1.1,"A",0.07,"A",0.62,"A",0.5,"A"
"138","CF002",3,"GSWS06",2018,115.61,"A",7.5,"A",36.2,"I",20.54,"A",1.42,"A",8.36,"A",0.015,"A",0.013,"A",0.002,"D",0.014,"A",0.01,"*",0.01,"*",0.01,"D*",0,"D",NA,"N",NA,"N",0.01,"*",0,"*",2.13,"A",0.36,"A",4.22,"A",1.09,"A",0.07,"A",0.6,"A",0.44,"A"
"139","CF002",3,"GSWS07",1972,162.13,"A",7.2,"IE",NA,"N",14.17,"I",3.1,"I",5.11,"IQ",NA,"N",0.036,"I",NA,"N",0.019,"I",NA,"N",0.03,"ID",0.03,"ID",NA,"N",NA,"N",0.03,"I",0.005,"I",0.001,"I",1.68,"I",0.15,"I",2.64,"I",0.76,"I",NA,"N",NA,"N",NA,"N"
"140","CF002",3,"GSWS07",1973,55.44,"A",7.2,"IE",NA,"N",18.12,"A",2.38,"E",3.7,"Q",NA,"N",0.06,"E",NA,"N",0.023,"E",NA,"N",0.04,"DE",0.03,"IDE",NA,"N",NA,"N",0.03,"E",0.001,"IE",0.002,"E",1.67,"E",0.36,"E",2.48,"E",0.8,"E",NA,"N",NA,"N",NA,"N"
"141","CF002",3,"GSWS07",1974,171.35,"E",7.1,"I",NA,"N",16.67,"A",1.16,"A",4.62,"Q",NA,"N",0.044,"E",NA,"N",0.024,"E",NA,"N",0.02,"DE",NA,"N",NA,"N",NA,"N",0.02,"E",NA,"N",0,"E",1.86,"A",0.68,"A",2.93,"A",0.81,"A",NA,"N",NA,"N",NA,"N"
"142","CF002",3,"GSWS07",1975,126.19,"E",7.5,"I",NA,"N",17.33,"E",5.27,"E",4.6,"Q",0.062,"I",0.042,"A",0.019,"ID",0.019,"A",NA,"N",0.08,"IDE",NA,"N",NA,"N",NA,"N",0.03,"E",NA,"N",0.051,"I",2.02,"A",0.53,"A",2.92,"A",0.83,"A",NA,"N",NA,"N",NA,"N"
"143","CF002",3,"GSWS07",1976,141.73,"E",7.3,"A",33.7,"IE",17.37,"A",2.44,"A",5.3,"Q",0.047,"A",0.04,"A",0.006,"D",0.023,"A",NA,"N",0.06,"DE",NA,"N",NA,"N",NA,"N",0.05,"E",NA,"N",0.009,"A",2.03,"A",0.51,"A",3.72,"A",0.87,"A",NA,"N",NA,"N",NA,"N"
"144","CF002",3,"GSWS07",1977,47.89,"E",7.4,"A",41.4,"A",21,"A",1.69,"A",6.53,"Q",0.056,"A",0.04,"A",0.017,"D",0.023,"A",NA,"N",0.04,"D",NA,"N",NA,"N",NA,"N",0.04,"A",NA,"N",0.007,"A",2.17,"A",0.6,"A",4.58,"A",0.97,"A",NA,"N",NA,"N",NA,"N"
"145","CF002",3,"GSWS07",1978,127.94,"E",7,"A",35.7,"A",17,"A",3.86,"A",5.23,"Q",0.047,"E",0.035,"A",0.012,"DE",0.021,"A",0.03,"ID",0.06,"D",0,"ID",0.01,"ID",0.03,"I",0.04,"A",0.018,"I",0.019,"A",1.97,"A",0.52,"A",3.08,"A",0.85,"A",0.07,"I",0.92,"I",NA,"N"
"146","CF002",3,"GSWS07",1979,91.9,"E",7.4,"A",40.1,"I",18.96,"A",0.77,"E",7.3,"Q",0.041,"E",0.033,"A",0.008,"DE",0.024,"A",0.04,"D",0.03,"D",0.02,"ID",0.01,"D",0.03,"A",0.02,"A",0.006,"I",0.003,"A",1.8,"A",0.63,"E",4.02,"A",0.87,"A",0.13,"A",0.92,"A",NA,"N"
"147","CF002",3,"GSWS07",1980,86.58,"E",7.2,"A",54.8,"I",21.17,"A",1.83,"A",9.18,"Q",0.046,"A",0.041,"A",0.005,"D",0.022,"A",0.03,"D",0.03,"D",0.02,"D",0.01,"D",0.03,"A",0.03,"A",0.007,"A",0.002,"A",2.16,"A",0.62,"E",3.67,"A",1.04,"A",0.29,"I",0.9,"I",NA,"N"
"148","CF002",3,"GSWS07",1981,100.07,"E",7.3,"E",38.3,"A",22.67,"A",2.38,"A",8.79,"Q",0.051,"A",0.043,"A",0.008,"D",0.022,"A",0.05,"DE",0.03,"DE",0.03,"DE",0.01,"DE",0.04,"E",0.03,"E",0.006,"A",0.002,"A",1.94,"A",0.55,"A",3.46,"A",1.04,"A",NA,"N",NA,"N",NA,"N"
"149","CF002",3,"GSWS07",1982,139.78,"E",7.1,"A",32.7,"A",16.37,"A",1.13,"I",8.05,"Q",0.05,"A",0.045,"A",0.006,"D",0.02,"I",0.03,"D",0.02,"D",0.02,"ID",0.01,"D",0.02,"A",0.02,"A",0.002,"I",0.006,"A",1.95,"A",0.51,"A",3.17,"A",0.95,"A",NA,"N",NA,"N",NA,"N"
"150","CF002",3,"GSWS07",1983,126.62,"A",7.3,"A",34.7,"A",17.33,"A",0.74,"A",7.08,"Q",0.042,"A",0.04,"A",0.004,"D",NA,"N",0.04,"D",0.04,"D",0.01,"ID",0,"D",0.04,"A",0.03,"A",0.007,"I",0.005,"A",1.98,"A",0.59,"E",3.21,"E",0.95,"A",NA,"N",NA,"N",NA,"N"
"151","CF002",3,"GSWS07",1984,129.06,"A",7.2,"A",33.2,"A",18.25,"A",1.23,"A",8.84,"A",0.032,"A",0.029,"A",0.003,"D",NA,"N",0.03,"DE",0.02,"DE",0.02,"D",0.01,"D",0.03,"A",0.02,"A",0.001,"A",0.004,"E",2.08,"A",0.5,"A",3.1,"E",0.9,"A",0.29,"I",0.96,"I",NA,"N"
"152","CF002",3,"GSWS07",1985,111.55,"A",7.6,"A",37.3,"A",18.67,"A",0.88,"A",9.06,"A",0.041,"A",0.037,"A",0.005,"D",NA,"N",0.04,"D",0.03,"D",0.02,"D",0.01,"D",0.04,"A",0.03,"A",0.013,"A",0.004,"A",2.04,"A",0.46,"A",3,"E",0.94,"A",NA,"N",NA,"N",NA,"N"
"153","CF002",3,"GSWS07",1986,106.48,"E",7.4,"A",35.4,"A",17.17,"A",3.54,"A",8.64,"A",0.042,"A",0.034,"A",0.008,"D",NA,"N",0.03,"D",0.02,"D",0.01,"D",0.01,"D",0.03,"A",0.02,"A",0.005,"A",0.004,"A",2.02,"A",0.51,"A",3.48,"E",0.96,"A",NA,"N",NA,"N",NA,"N"
"154","CF002",3,"GSWS07",1987,83.81,"E",7.4,"I",37.7,"I",17.87,"I",2.46,"I",8.78,"I",0.043,"I",0.039,"I",0.005,"ID",NA,"N",0.03,"ID",0.02,"ID",0.02,"ID",0.01,"ID",0.03,"I",0.02,"I",0.005,"I",0.002,"I",2.17,"I",0.54,"I",3.53,"IE",1.02,"I",NA,"N",NA,"N",NA,"N"
"155","CF002",3,"GSWS07",2002,111.02,"A",7.4,"I",33.8,"I",17.83,"I",2.3,"I",8.36,"I",0.024,"I",0.02,"I",0.004,"ID",0.015,"I",0.02,"ID*",0.02,"ID*",0.02,"ID",0,"ID",0.02,"I*",0.02,"I*",0.004,"I*",0.001,"I*",1.95,"I",0.47,"I",3.43,"I",0.93,"I",0.06,"I",0.58,"I",0.63,"I"
"156","CF002",3,"GSWS07",2003,85.49,"A",7.5,"A",36.2,"A",18.67,"A",2.7,"A",8.85,"A",0.027,"A",0.023,"A",0.004,"D",0.017,"A",0.03,"D*",0.02,"D*",0.02,"D",0.01,"D",0.03,"*",0.02,"A",0.006,"*",0,"*",2.1,"A",0.53,"A",3.6,"A",1.08,"A",0.06,"A",0.58,"A",0.76,"I"
"157","CF002",3,"GSWS07",2004,88.57,"A",7.4,"A",36.1,"A",18.37,"A",4.74,"A",8.79,"A",0.031,"A",0.026,"A",0.005,"D",0.017,"A",0.05,"D*",0.04,"D*",0.03,"D",0.02,"D",0.05,"A",0.04,"A",0.008,"*",0.001,"*",2.12,"A",0.51,"A",3.55,"A",1.03,"A",0.07,"A",0.61,"A",0.5,"I"
"158","CF002",3,"GSWS07",2005,56.71,"E",7.6,"A",42.2,"A",21.58,"A",5.28,"A",10,"A",0.038,"A",0.031,"A",0.007,"D",0.021,"A",0.05,"D*",0.03,"D*",0.02,"D*",0.02,"D",0.06,"I",0.03,"I*",0.008,"*",0.001,"*",2.36,"A",0.57,"A",4.19,"A",0.8,"A",0.06,"A",0.59,"A",0.7,"A"
"159","CF002",3,"GSWS07",2006,110.91,"A",7.4,"A",34.7,"A",17.96,"A",18.6,"A",8.43,"A",0.035,"A",0.025,"A",0.01,"D",0.016,"A",0.04,"*",0.02,"*",0.02,"D*",0.02,"D",NA,"N",NA,"N",0.006,"*",0.001,"*",2.07,"A",0.5,"A",3.42,"A",0.91,"A",0.05,"A",0.6,"A",0.71,"A"
"160","CF002",3,"GSWS07",2007,93.41,"E",7.4,"A",35.6,"A",17.96,"A",2.98,"A",8.97,"A",0.033,"A",0.03,"A",0.004,"D",0.017,"A",0.04,"A",0.02,"*",0.02,"D*",0.02,"D",NA,"N",NA,"N",0.003,"*",0,"*",2.13,"A",0.52,"A",3.41,"A",1.14,"A",0.06,"A",0.61,"A",0.61,"A"
"161","CF002",3,"GSWS07",2008,118.26,"E",7.5,"A",37.8,"A",19.17,"A",3.08,"A",8.86,"A",0.033,"A",0.029,"A",0.004,"D",0.016,"A",0.03,"A",0.03,"*",0.02,"D*",0,"D",NA,"N",NA,"N",0.003,"*",0,"*",2.24,"A",0.5,"A",3.81,"A",0.93,"A",0.06,"A",0.64,"A",0.52,"A"
"162","CF002",3,"GSWS07",2009,88.3,"E",7.6,"I",38.1,"I",19.67,"I",3.46,"I",8.78,"I",0.037,"I",0.032,"I",0.005,"ID",0.018,"I",0.05,"I",0.04,"I*",0.03,"ID",0.01,"ID",NA,"N",NA,"N",0.005,"I*",0.001,"I*",2.25,"I",0.53,"I",3.87,"I",0.93,"I",0.06,"I",0.59,"I",0.59,"I"
"163","CF002",3,"GSWS07",2010,83.41,"A",7.6,"A",40.2,"A",20.56,"A",4.39,"A",8.98,"A",0.031,"A",0.026,"A",0.005,"D",0.017,"A",0.03,"*",0.03,"*",0.02,"D*",0.01,"D",NA,"N",NA,"N",0.009,"*",0,"*",2.15,"A",0.54,"A",4.02,"A",0.75,"A",0.05,"A",0.65,"A",0.6,"A"
"164","CF002",3,"GSWS07",2011,115.46,"A",7.5,"A",36.9,"A",18.76,"A",18.81,"A",8.22,"A",0.023,"A",0.016,"A",0.007,"D",0.015,"A",0.04,"Q",0.03,"Q",0.03,"DQ",0.02,"DQ",NA,"N",NA,"N",0.007,"*",0,"*",2.11,"A",0.5,"A",3.69,"A",0.84,"A",0.06,"A",0.59,"A",0.56,"A"
"165","CF002",3,"GSWS07",2012,111.79,"E",7.5,"A",36.1,"A",18.73,"A",21.23,"A",8.31,"A",0.019,"A",0.015,"A",0.004,"D",0.014,"A",0.03,"*",0.01,"*",0.01,"D*",0.02,"D",NA,"N",NA,"N",0.004,"*",0.001,"*",2.07,"A",0.49,"A",3.69,"A",1.02,"A",0.06,"A",0.55,"A",0.57,"A"
"166","CF002",3,"GSWS07",2013,87.2,"E",7.5,"A",37.8,"A",19.63,"A",4.58,"A",8.82,"A",0.018,"A",0.016,"A",0.002,"D",0.015,"A",0.03,"*",0.02,"*",0.01,"D*",0.01,"D",NA,"N",NA,"N",0.004,"*",0,"*",2.15,"A",0.52,"A",3.84,"A",1.08,"A",0.06,"A",0.54,"A",0.56,"A"
"167","CF002",3,"GSWS07",2014,90.48,"A",7.6,"A",38.6,"A",19.95,"A",4.21,"A",8.74,"A",0.02,"A",0.017,"A",0.004,"D",0.015,"A",0.02,"*",0.01,"*",0.01,"D*",0.01,"D",NA,"N",NA,"N",0.004,"*",0,"*",2.19,"A",0.52,"A",3.98,"A",1.1,"A",0.06,"A",0.59,"A",0.56,"A"
"168","CF002",3,"GSWS07",2015,59.27,"A",7.4,"A",40.2,"A",20.13,"A",7.02,"A",9.02,"A",0.023,"A",0.02,"A",0.004,"D",0.019,"A",0.04,"*",0.03,"*",0.03,"D*",0.01,"D*",NA,"N",NA,"N",0.002,"*",0,"*",2.23,"A",0.54,"A",4.08,"A",1.15,"A",0.06,"A",0.58,"A",0.72,"A"
"169","CF002",3,"GSWS07",2016,83.59,"E",7.6,"I",38.9,"I",20.28,"I",2.23,"I",8.77,"I",0.019,"I",0.017,"I",0.002,"ID",0.017,"I",0.02,"I*",0.02,"I*",0.02,"ID*",0,"ID",NA,"N",NA,"N",0.003,"I*",0,"I*",2.16,"I",0.52,"I",3.88,"I",1.1,"I",0.06,"I",0.63,"I",0.58,"I"
"170","CF002",3,"GSWS07",2017,114.69,"A",7.6,"A",38.6,"A",19.53,"A",16.94,"A",8.5,"A",0.019,"A",0.016,"A",0.002,"D",0.018,"A",0.02,"*",0.01,"*",0.01,"D*",0.01,"D",NA,"N",NA,"N",0.004,"*",0,"*",2.19,"A",0.52,"A",3.94,"A",1.09,"A",0.06,"A",0.6,"A",0.51,"A"
"171","CF002",3,"GSWS07",2018,74.08,"A",7.5,"A",41.4,"I",20.9,"A",0.97,"A",9.22,"A",0.021,"A",0.019,"A",0.002,"D",0.02,"A",0.01,"*",0.02,"*",0.02,"D*",0,"D",NA,"N",NA,"N",0.006,"*",0,"*",2.25,"A",0.52,"A",4.11,"A",1.13,"A",0.06,"A",0.58,"A",0.49,"A"
"172","CF002",3,"GSWS08",1972,190.41,"E",7.1,"I",NA,"N",12.87,"I",17.11,"I",5.45,"IQ",NA,"N",0.034,"I",NA,"N",0.018,"I",NA,"N",0.06,"ID",0.04,"ID",NA,"N",NA,"N",0.06,"I",0.017,"I",0.001,"I",2.36,"I",0.16,"I",2.43,"I",0.59,"IE",NA,"N",NA,"N",NA,"N"
"173","CF002",3,"GSWS08",1973,68.25,"E",7.3,"I",NA,"N",15.25,"A",3.62,"E",3.1,"Q",NA,"N",0.052,"E",NA,"N",0.023,"E",NA,"N",0.04,"DE",0.04,"IDE",NA,"N",NA,"N",0.04,"E",0.001,"IE",0.001,"E",2.22,"E",0.24,"E",2.02,"E",0.8,"E",NA,"N",NA,"N",NA,"N"
"174","CF002",3,"GSWS08",1974,213.79,"A",7.1,"I",NA,"N",15.83,"A",3.27,"A",4.11,"Q",NA,"N",0.043,"E",NA,"N",0.023,"E",NA,"N",0.03,"DE",NA,"N",NA,"N",NA,"N",0.03,"E",NA,"N",0,"E",2.29,"A",0.68,"A",2.76,"A",0.53,"A",NA,"N",NA,"N",NA,"N"
"175","CF002",3,"GSWS08",1975,135.13,"A",7.4,"I",NA,"N",13.75,"E",2.19,"E",3.7,"Q",0.052,"I",0.038,"A",0.013,"ID",0.017,"A",NA,"N",0.02,"ID",NA,"N",NA,"N",NA,"N",0.07,"A",NA,"N",0,"I",2.46,"A",0.39,"A",2.37,"A",0.49,"A",NA,"N",NA,"N",NA,"N"
"176","CF002",3,"GSWS08",1976,147.9,"E",7.3,"A",30.3,"IE",15.37,"A",16,"A",4.57,"Q",0.046,"A",0.037,"A",0.008,"D",0.021,"A",NA,"N",0.06,"DE",NA,"N",NA,"N",NA,"N",0.05,"E",NA,"N",0.007,"A",2.52,"A",0.36,"A",3.32,"A",0.54,"A",NA,"N",NA,"N",NA,"N"
"177","CF002",3,"GSWS08",1977,42.05,"E",7.3,"A",36.4,"A",18.62,"A",0.89,"A",4.69,"Q",0.06,"A",0.038,"A",0.022,"D",0.022,"A",NA,"N",0.05,"D",NA,"N",NA,"N",NA,"N",0.04,"A",NA,"N",0.005,"A",2.81,"A",0.44,"A",3.52,"A",0.55,"A",NA,"N",NA,"N",NA,"N"
"178","CF002",3,"GSWS08",1978,135.32,"A",7,"A",31.4,"A",14.83,"A",13.44,"A",4.83,"Q",0.049,"E",0.038,"A",0.011,"DE",0.023,"A",0.06,"ID",0.05,"D",0.01,"ID",0.01,"ID",0.04,"I",0.05,"A",0.01,"I",0.003,"A",2.43,"A",0.41,"A",2.68,"A",0.51,"A",0.12,"I",1.21,"I",NA,"N"
"179","CF002",3,"GSWS08",1979,104.28,"E",7.3,"A",39.9,"I",16,"A",1.81,"A",6.06,"Q",0.041,"E",0.034,"A",0.007,"DE",0.024,"A",0.03,"DE",0.02,"D",0.01,"ID",0.01,"DE",0.03,"E",0.02,"A",0.011,"I",0.002,"A",2.16,"A",0.52,"E",3.5,"E",0.5,"A",0.16,"A",0.85,"A",NA,"N"
"180","CF002",3,"GSWS08",1980,96.11,"E",7.1,"I",48.7,"I",18.46,"I",6.23,"I",7.36,"IQ",0.045,"I",0.039,"I",0.006,"ID",0.023,"I",0.04,"ID",0.03,"ID",0.02,"ID",0.01,"ID",0.04,"I",0.03,"I",0.009,"I",0.002,"I",2.73,"I",0.51,"IE",3.14,"I",0.62,"IE",0.17,"I",0.75,"I",NA,"N"
"181","CF002",3,"GSWS08",1981,109.56,"E",7.2,"A",34.3,"A",19.75,"A",10.61,"A",7.65,"Q",0.056,"A",0.044,"A",0.011,"D",0.024,"A",0.06,"DE",0.03,"DE",0.03,"DE",0.03,"DE",0.06,"E",0.03,"E",0.007,"A",0.001,"A",2.51,"A",0.44,"A",2.97,"A",0.62,"A",NA,"N",NA,"N",NA,"N"
"182","CF002",3,"GSWS08",1982,160.6,"E",7.1,"A",31.1,"A",14.75,"A",7.53,"A",7.33,"Q",0.05,"A",0.045,"A",0.006,"D",0.023,"I",0.04,"D",0.04,"D",0.03,"ID",0.01,"D",0.04,"A",0.03,"A",0.004,"I",0.003,"A",2.45,"A",0.42,"A",2.85,"A",0.61,"A",NA,"N",NA,"N",NA,"N"
"183","CF002",3,"GSWS08",1983,147.1,"E",7.3,"A",32.1,"A",15.46,"A",12.48,"A",5.97,"Q",0.048,"A",0.042,"A",0.006,"D",NA,"N",0.04,"DE",0.04,"DE",0.03,"ID",0.01,"DE",0.04,"E",0.04,"A",0.018,"I",0.003,"E",2.43,"A",0.43,"A",2.89,"E",0.6,"A",NA,"N",NA,"N",NA,"N"
"184","CF002",3,"GSWS08",1984,148.02,"E",7.3,"A",31.6,"A",16.46,"A",10.8,"A",7.56,"A",0.039,"A",0.03,"A",0.008,"D",NA,"N",0.05,"DE",0.03,"DE",0.03,"D",0.02,"D",0.05,"A",0.03,"A",0.002,"A",0.005,"E",2.62,"A",0.41,"A",3.03,"E",0.58,"A",0.33,"I",0.89,"I",NA,"N"
"185","CF002",3,"GSWS08",1985,110.16,"A",7.5,"A",35.6,"A",17.42,"A",2.81,"A",8.11,"A",0.044,"I",0.039,"A",0.007,"ID",NA,"N",0.04,"D",0.03,"D",0.02,"D",0.01,"D",0.04,"A",0.03,"A",0.012,"A",0.002,"A",2.72,"A",0.36,"A",2.96,"E",0.61,"A",NA,"N",NA,"N",NA,"N"
"186","CF002",3,"GSWS08",1986,112.01,"E",7.4,"A",34.4,"A",16.12,"A",24.15,"A",7.74,"A",0.05,"A",0.036,"A",0.014,"D",NA,"N",0.08,"D",0.05,"D",0.02,"D",0.03,"D",0.06,"A",0.03,"A",0.008,"A",0.018,"A",2.68,"A",0.42,"A",3.38,"E",0.63,"A",NA,"N",NA,"N",NA,"N"
"187","CF002",3,"GSWS08",1987,83.27,"E",7.4,"A",37.3,"A",17.37,"A",5.94,"A",7.75,"I",0.047,"A",0.041,"A",0.006,"D",NA,"N",0.05,"D",0.04,"D",0.03,"D",0.01,"D",0.04,"A",0.03,"A",0.006,"A",0.004,"A",2.93,"A",0.45,"A",3.44,"E",0.69,"A",NA,"N",NA,"N",NA,"N"
"188","CF002",3,"GSWS08",1988,83.82,"E",7.4,"A",35.6,"A",16.53,"A",9.05,"A",7.9,"A",0.041,"A",0.037,"A",0.004,"D",NA,"N",0.03,"D",0.03,"D",0.02,"D",0.01,"D",0.03,"A",0.02,"A",0.008,"A",0.004,"A",2.77,"A",0.39,"A",3.27,"E",0.66,"A",NA,"N",NA,"N",NA,"N"
"189","CF002",3,"GSWS08",1989,114.53,"A",7.4,"A",33.6,"I",16.32,"A",4.76,"A",7.78,"A",0.038,"A",0.033,"A",0.005,"D",0.022,"A",0.03,"D",0.02,"D",0.01,"D",0.01,"D",0.03,"A",0.02,"A",0.008,"A",0.002,"A",2.63,"A",0.41,"A",3.1,"A",0.63,"A",0.18,"A",0.86,"A",NA,"N"
"190","CF002",3,"GSWS08",1990,91.8,"A",7.4,"A",36.2,"A",17.69,"A",30.76,"A",7.92,"A",0.037,"A",0.031,"A",0.006,"D",0.021,"A",0.04,"D",0.02,"D",0.02,"D",0.02,"D",0.04,"A",0.02,"A",0.006,"A",0.001,"A",2.66,"A",0.41,"A",3.24,"A",0.65,"A",0.16,"A",0.81,"A",NA,"N"
"191","CF002",3,"GSWS08",1991,92.18,"A",7.4,"A",35.7,"A",17.61,"A",2.85,"A",7.97,"A",0.034,"A",0.031,"A",0.004,"D",0.021,"A",0.03,"D",0.02,"D",0.02,"D",0.01,"D",0.03,"*",0.02,"*",0.007,"A",0.001,"*",2.64,"A",0.39,"A",3.19,"A",0.64,"A",0.11,"I",0.84,"I",NA,"N"
"192","CF002",3,"GSWS08",1992,64.51,"E",7.4,"A",36.3,"A",17.83,"A",1.57,"A",7.88,"A",0.039,"A",0.036,"A",0.003,"D",0.026,"A",0.07,"D",0.06,"D",0.03,"ID",0.01,"D",0.06,"A",0.05,"A",0.016,"I*",0.012,"*",2.76,"A",0.43,"A",3.1,"A",1.97,"A",0.12,"A",0.83,"A",NA,"N"
"193","CF002",3,"GSWS08",1993,125.88,"A",7.4,"A",34.3,"A",17.32,"A",2.12,"A",7.64,"A",0.034,"A",0.031,"A",0.003,"D",0.021,"A",0.03,"D",0.02,"ID",0.02,"ID",0.01,"ID",0.03,"A",0.02,"I",0.007,"*",0.003,"*",2.61,"A",0.42,"A",3.24,"A",0.62,"A",0.13,"A",0.82,"A",NA,"N"
"194","CF002",3,"GSWS08",1994,53.94,"E",7.5,"A",37.6,"A",18.83,"A",0.92,"A",7.96,"A",0.034,"A",0.033,"A",0.002,"D",0.022,"A",0.04,"D",0.03,"D",0.02,"D",0.01,"D",0.03,"A",0.03,"*",0.007,"*",0.007,"*",2.96,"A",0.44,"A",3.45,"A",0.67,"A",0.13,"A",0.69,"A",NA,"N"
"195","CF002",3,"GSWS08",1995,119.99,"A",7.5,"A",34.9,"A",16.37,"Q",4.28,"A",7.59,"A",0.034,"A",0.031,"A",0.003,"D",0.021,"A",0.04,"D",0.03,"D",0.02,"D",0.01,"D",0.04,"A",0.03,"A",0.007,"*",0.002,"*",2.61,"A",0.39,"A",3.16,"A",0.61,"A",0.11,"A",1.28,"A",NA,"N"
"196","CF002",3,"GSWS08",1996,176.27,"E",7.4,"I",32.4,"I",16.48,"I",17.2,"I",7.34,"I",0.041,"I",0.03,"I",0.01,"ID",0.02,"I",0.06,"ID",0.04,"ID",0.02,"ID",0.02,"ID",0.05,"I",0.03,"I",0.024,"I*",0.004,"I*",2.48,"I",0.41,"I",3.1,"I",0.59,"I",0.18,"I",0.87,"I",NA,"N"
"197","CF002",3,"GSWS08",1997,184.64,"A",7.4,"A",29,"A",14.55,"A",12.01,"A",7.03,"A",0.033,"A",0.03,"A",0.003,"D",0.019,"A",0.04,"D",0.03,"D",0.02,"D",0.01,"D",0.03,"A",0.02,"A",0.007,"*",0.005,"*",2.27,"A",0.38,"A",2.69,"A",0.53,"A",0.08,"A",0.58,"A",NA,"N"
"198","CF002",3,"GSWS08",1998,103.36,"E",7.4,"A",35.7,"A",17.19,"A",6.08,"A",7.77,"A",0.032,"A",0.029,"A",0.003,"D",0.02,"A",0.04,"D",0.03,"D",0.02,"D",0.01,"D",0.03,"*",0.02,"*",0.008,"*",0.009,"*",2.74,"A",0.42,"A",3.34,"A",0.65,"A",0.1,"I",0.89,"I",NA,"N"
"199","CF002",3,"GSWS08",1999,158.82,"A",7.3,"A",29.8,"A",14.98,"A",4.38,"A",7.37,"A",0.029,"A",0.027,"A",0.002,"D",0.02,"A",0.03,"D",0.02,"D",0.02,"D",0.01,"D",0.03,"*",0.02,"*",0.006,"*",0.001,"*",2.34,"A",0.38,"A",2.86,"A",0.55,"A",0.11,"I",0.66,"I",NA,"N"
"200","CF002",3,"GSWS08",2000,123.52,"A",7.3,"A",31.4,"A",15.4,"A",8.57,"A",7.5,"A",0.031,"A",0.028,"A",0.003,"D",0.02,"A",0.03,"D",0.02,"D",0.02,"D",0.01,"D",0.03,"A",0.02,"*",0.008,"*",0.002,"*",2.53,"A",0.42,"A",2.98,"A",0.53,"A",0.09,"A",0.9,"A",NA,"N"
"201","CF002",3,"GSWS08",2001,45.27,"E",7.4,"A",37.8,"A",18.57,"A",0.45,"A",8.11,"A",0.033,"A",0.031,"A",0.003,"D",0.022,"A",0.03,"DQ",0.02,"DQ",0.02,"D",0.01,"D",0.03,"A",0.02,"A",0.004,"*",0.001,"Q",3.23,"A",0.46,"A",3.51,"A",0.65,"A",0.11,"A",1.3,"A",1.08,"I"
"202","CF002",3,"GSWS08",2002,127.67,"A",7.4,"I",32.4,"I",16.55,"I",1.95,"A",7.42,"I",0.027,"A",0.025,"A",0.003,"D",0.019,"I",0.03,"ID",0.03,"ID",0.02,"ID",0.01,"ID",0.03,"I",0.03,"I",0.004,"I*",0,"I*",2.6,"I",0.41,"I",3.22,"I",0.59,"I",0.1,"I",0.81,"I",1.23,"I"
"203","CF002",3,"GSWS08",2003,97.83,"A",7.3,"A",33.4,"A",16.67,"A",0.56,"A",7.67,"A",0.028,"A",0.027,"A",0.002,"D",0.02,"A",0.03,"D*",0.03,"D*",0.03,"D",0,"D",0.03,"A",0.03,"A",0.007,"*",0,"*",2.78,"A",0.43,"A",3.15,"A",0.61,"A",0.11,"A",0.61,"A",1.21,"I"
"204","CF002",3,"GSWS08",2004,102.7,"A",7.3,"A",33.8,"A",16.75,"A",1.82,"A",7.66,"A",0.033,"A",0.031,"A",0.002,"D",0.022,"A",0.05,"D",0.04,"D",0.04,"D",0.01,"D",0.05,"*",0.04,"A",0.006,"*",0.001,"*",2.83,"A",0.43,"A",3.17,"A",0.58,"A",0.13,"A",0.73,"A",1.28,"I"
"205","CF002",3,"GSWS08",2005,68.66,"A",7.5,"A",39.5,"A",19.78,"A",0.64,"A",8.42,"A",0.034,"A",0.032,"A",0.003,"D",0.022,"A",0.06,"D",0.04,"D",0.03,"D",0.02,"D",0.05,"I",0.04,"I",0.006,"*",0.002,"*",3.22,"A",0.47,"A",3.7,"A",0.48,"A",0.11,"A",0.61,"A",1.17,"A"
"206","CF002",3,"GSWS08",2006,132.63,"A",7.4,"A",32.5,"A",16.18,"A",4.43,"Q",7.51,"A",0.034,"A",0.029,"A",0.005,"D",0.019,"A",0.05,"A",0.04,"A",0.03,"D",0.02,"D",NA,"N",NA,"N",0.009,"*",0.001,"*",2.72,"A",0.42,"A",3.02,"A",0.55,"A",0.1,"A",0.72,"A",1.29,"A"
"207","CF002",3,"GSWS08",2007,112.97,"A",7.4,"A",32.3,"A",15.76,"A",18.04,"A",7.76,"A",0.035,"A",0.033,"A",0.002,"D",0.02,"A",0.05,"A",0.03,"A",0.03,"D",0.02,"D",NA,"N",NA,"N",0.005,"*",0,"*",2.66,"A",0.43,"A",2.92,"A",0.66,"A",0.11,"A",0.7,"A",1.2,"A"
"208","CF002",3,"GSWS08",2008,145.76,"E",7.4,"A",34.7,"A",17.22,"A",0.84,"A",7.71,"A",0.035,"A",0.032,"A",0.004,"D",0.019,"A",0.03,"A",0.03,"A",0.03,"D*",0,"D",NA,"N",NA,"N",0.003,"*",0,"*",2.84,"A",0.42,"A",3.37,"A",0.58,"A",0.11,"A",0.69,"A",0.93,"A"
"209","CF002",3,"GSWS08",2009,107.9,"A",7.4,"A",33.2,"A",16.73,"A",9.96,"A",7.35,"A",0.034,"A",0.031,"A",0.003,"D",0.018,"A",0.04,"A",0.04,"A",0.04,"D*",0.01,"D",NA,"N",NA,"N",0.003,"*",0.001,"*",2.82,"A",0.43,"A",3.19,"A",0.54,"A",0.11,"A",0.64,"A",1.06,"A"
"210","CF002",3,"GSWS08",2010,99.05,"A",7.5,"A",34.8,"A",17.27,"A",1.29,"A",7.59,"A",0.033,"A",0.03,"A",0.004,"D",0.021,"A",0.07,"Q",0.08,"Q",0.05,"DQ",0,"DQ",NA,"N",NA,"N",0.01,"*",0.018,"*",2.7,"A",0.44,"A",3.28,"A",0.43,"A",0.11,"A",0.74,"A",1.14,"A"
"211","CF002",3,"GSWS08",2011,143.65,"E",7.3,"A",33.2,"A",16.41,"A",6.89,"A",7.33,"A",0.023,"A",0.019,"A",0.004,"D",0.017,"A",0.04,"*",0.03,"A",0.02,"D",0.01,"D",NA,"N",NA,"N",0.011,"*",0,"*",2.68,"A",0.41,"A",3.19,"A",0.51,"A",0.1,"A",0.68,"A",1.21,"A"
"212","CF002",3,"GSWS08",2012,139.78,"E",7.3,"I",31.8,"I",16.14,"I",5.87,"I",7.2,"I",0.022,"I",0.019,"I",0.003,"ID",0.016,"I",0.04,"I*",0.02,"I*",0.02,"ID",0.01,"ID",NA,"N",NA,"N",0.006,"I*",0.001,"I*",2.63,"I",0.39,"I",3.07,"I",0.59,"I",0.1,"I",0.6,"I",1.35,"I"
"213","CF002",3,"GSWS08",2013,113.68,"E",7.3,"A",34.4,"A",17.47,"A",2.62,"A",7.67,"A",0.021,"A",0.019,"A",0.002,"D",0.018,"A",0.03,"*",0.02,"*",0.02,"D*",0.01,"D",NA,"N",NA,"N",0.003,"*",0,"*",2.82,"A",0.43,"A",3.33,"A",0.65,"A",0.1,"A",0.56,"A",1.32,"A"
"214","CF002",3,"GSWS08",2014,116.13,"A",7.4,"A",34.1,"A",18.19,"A",48.2,"A",7.6,"A",0.023,"A",0.019,"A",0.003,"D",0.017,"A",0.04,"A",0.02,"*",0.02,"D*",0.02,"D",NA,"N",NA,"N",0.004,"*",0,"*",2.82,"A",0.43,"A",3.36,"A",0.64,"A",0.1,"A",0.64,"A",1.25,"A"
"215","CF002",3,"GSWS08",2015,75.76,"A",7.2,"A",36,"A",17.68,"A",3.27,"A",7.74,"A",0.026,"A",0.023,"A",0.003,"D",0.021,"A",0.05,"A",0.04,"*",0.04,"D*",0.01,"D",NA,"N",NA,"N",0.004,"*",0.001,"*",2.92,"A",0.44,"A",3.5,"A",0.67,"A",0.1,"A",0.61,"A",1.37,"A"
"216","CF002",3,"GSWS08",2016,107.8,"A",7.4,"A",34.2,"A",17.26,"A",13.64,"A",7.63,"A",0.024,"A",0.019,"A",0.004,"D",0.019,"A",0.04,"*",0.03,"*",0.03,"D*",0.01,"D",NA,"N",NA,"N",0.004,"*",0,"*",2.69,"A",0.42,"A",3.25,"A",0.63,"A",0.1,"A",0.67,"A",1.35,"A"
"217","CF002",3,"GSWS08",2017,144.76,"A",7.4,"A",34.9,"A",17.16,"A",19.5,"A",7.52,"A",0.024,"A",0.02,"A",0.003,"D",0.021,"A",0.03,"A",0.02,"*",0.01,"D*",0.01,"D",NA,"N",NA,"N",0.005,"*",0,"*",2.8,"A",0.43,"A",3.37,"A",0.66,"A",0.1,"A",0.63,"A",1.17,"A"
"218","CF002",3,"GSWS08",2018,98.36,"A",7.4,"A",37.4,"I",18.27,"A",0.9,"A",7.91,"A",0.024,"A",0.022,"A",0.002,"D",0.022,"A",0.03,"*",0.02,"*",0.01,"D*",0.01,"D",NA,"N",NA,"N",0.006,"*",0,"*",2.91,"A",0.43,"A",3.46,"A",0.66,"A",0.11,"A",0.6,"A",1.08,"A"
"219","CF002",3,"GSWS09",1969,146.47,"E",7.1,"I",NA,"N",16.58,"E",2.93,"E",6.5,"IQ",NA,"N",0.027,"E",NA,"N",0.013,"E",NA,"N",0.06,"DE",0.05,"DE",NA,"N",NA,"N",0.06,"E",0.01,"E",0.001,"E",2.03,"E",0.04,"E",3.09,"E",0.8,"E",NA,"N",NA,"N",NA,"N"
"220","CF002",3,"GSWS09",1970,105.69,"E",7.2,"I",34.9,"I",17.42,"A",2.11,"E",7.53,"Q",NA,"N",0.029,"A",NA,"N",0.016,"A",NA,"N",0.05,"DE",0.05,"DE",NA,"N",NA,"N",0.05,"E",0.005,"I",0,"E",2.02,"E",0.03,"E",3.86,"E",1.06,"E",0.73,"I",NA,"N",NA,"N"
"221","CF002",3,"GSWS09",1971,148.19,"E",7.3,"I",64.3,"I",16.21,"A",1.56,"E",7.17,"Q",NA,"N",0.071,"A",NA,"N",0.018,"A",NA,"N",0.06,"DE",0.06,"DE",NA,"N",NA,"N",0.06,"E",0,"I",0,"A",2.18,"A",0.04,"A",3.59,"A",1.33,"E",0.42,"E",NA,"N",NA,"N"
"222","CF002",3,"GSWS09",1972,198.7,"E",7.1,"A",44.6,"I",15,"A",3.32,"E",5.36,"Q",NA,"N",0.038,"A",NA,"N",0.023,"A",NA,"N",0.05,"D",0.05,"D",NA,"N",NA,"N",0.05,"A",0.001,"A",0.001,"A",1.97,"E",0.08,"A",3.32,"A",0.82,"E",0.16,"IE",NA,"N",NA,"N"
"223","CF002",3,"GSWS09",1973,64.14,"E",7.2,"IE",NA,"N",17.08,"A",0.86,"E",4.15,"Q",NA,"N",0.051,"A",NA,"N",0.022,"A",NA,"N",0.04,"DE",0.04,"ID",NA,"N",NA,"N",0.04,"A",0,"I",0.001,"E",1.81,"E",0.13,"E",2.78,"E",0.92,"A",NA,"N",NA,"N",NA,"N"
"224","CF002",3,"GSWS09",1974,207.31,"A",7.3,"IE",NA,"N",17.92,"A",9.51,"E",5.39,"Q",0.06,"IE",0.043,"E",0.023,"IDE",0.029,"E",NA,"N",0.06,"DE",NA,"N",NA,"N",NA,"N",0.05,"E",NA,"N",0.005,"E",2.11,"A",0.3,"A",3.46,"A",0.99,"A",NA,"N",NA,"N",NA,"N"
"225","CF002",3,"GSWS09",1975,145.71,"E",7.4,"IE",51.9,"I",17.62,"A",2.42,"E",6.08,"Q",0.049,"E",0.037,"A",0.013,"DE",0.02,"A",NA,"N",0.04,"D",NA,"N",NA,"N",NA,"N",0.04,"A",NA,"N",0.002,"A",2.16,"A",0.14,"A",2.92,"A",0.85,"A",NA,"N",NA,"N",NA,"N"
"226","CF002",3,"GSWS09",1976,166.54,"E",7.4,"IE",37,"IE",17.42,"A",7.08,"A",5.14,"Q",0.059,"A",0.042,"A",0.017,"D",0.024,"A",NA,"N",0.05,"D",NA,"N",NA,"N",NA,"N",0.05,"A",NA,"N",0.004,"A",2.33,"A",0.14,"A",4.01,"A",0.96,"A",NA,"N",NA,"N",NA,"N"
"227","CF002",3,"GSWS09",1977,37.23,"E",7.4,"E",46.8,"A",21.08,"A",1.25,"A",5.73,"Q",0.055,"A",0.036,"A",0.018,"D",0.015,"A",NA,"N",0.07,"D",NA,"N",NA,"N",NA,"N",0.07,"A",NA,"N",0.001,"A",2.49,"A",0.25,"A",4.85,"A",1.12,"A",NA,"N",NA,"N",NA,"N"
"228","CF002",3,"GSWS09",1978,129.98,"E",7.1,"A",40.2,"I",18.25,"A",1.67,"A",5.83,"Q",0.052,"E",0.041,"A",0.012,"DE",0.021,"A",0.09,"ID",0.07,"D",0.06,"ID",0.02,"ID",0.09,"I",0.07,"A",0.015,"I",0.002,"A",2.29,"A",0.16,"A",3.75,"A",1.02,"A",0.23,"I",1.31,"I",NA,"N"
"229","CF002",3,"GSWS09",1979,115.14,"E",7.4,"I",NA,"N",18.75,"I",1.63,"I",6.76,"IQ",0.041,"IE",0.032,"I",0.009,"IDE",0.023,"I",0.06,"ID",0.05,"ID",0.03,"ID",0.02,"ID",0.06,"I",0.04,"I",0.019,"I",0.003,"I",1.94,"I",0.33,"I",4.36,"I",0.94,"I",0.23,"IE",1.28,"I",NA,"N"
"230","CF002",3,"GSWS09",1980,113.09,"E",7.2,"I",64.1,"I",21.08,"I",1.52,"I",8.55,"IQ",0.044,"I",0.038,"I",0.006,"ID",0.021,"I",0.06,"ID",0.05,"ID",0.04,"ID",0.01,"ID",0.06,"I",0.05,"I",0.008,"I",0.002,"I",2.39,"I",0.25,"IE",3.93,"I",1.15,"I",0.35,"I",1.42,"I",NA,"N"
"231","CF002",3,"GSWS09",1981,104.55,"A",7.2,"A",44.3,"A",24.21,"A",1.93,"A",8.74,"Q",0.051,"A",0.044,"A",0.007,"D",0.021,"A",0.08,"DE",0.06,"DE",0.05,"DE",0.02,"DE",0.08,"E",0.06,"E",0.008,"A",0.005,"A",2.3,"A",0.18,"A",4.14,"A",1.26,"A",NA,"N",NA,"N",NA,"N"
"232","CF002",3,"GSWS09",1982,189.26,"E",7.2,"A",38.6,"A",17.75,"A",3.5,"A",7.91,"IQ",0.056,"I",0.049,"A",0.007,"ID",0.019,"I",0.07,"ID",0.05,"D",0.05,"ID",0.02,"ID",0.07,"I",0.05,"A",0.003,"I",0.001,"A",2.28,"E",0.18,"A",3.9,"E",1.15,"A",NA,"N",NA,"N",NA,"N"
"233","CF002",3,"GSWS09",1983,158.3,"A",7.4,"A",41.6,"A",19.5,"A",2.16,"A",6.91,"Q",0.044,"A",0.042,"A",0.002,"D",NA,"N",0.06,"D",0.05,"D",0.02,"ID",0.02,"D",0.06,"A",0.04,"A",0.009,"I",0.002,"A",2.32,"A",0.19,"E",3.99,"E",1.19,"A",NA,"N",NA,"N",NA,"N"
"234","CF002",3,"GSWS09",1984,179.75,"A",7.4,"A",38.6,"A",20.21,"A",2.34,"A",9.06,"A",0.042,"A",0.035,"A",0.006,"D",NA,"N",0.07,"DE",0.05,"DE",0.04,"ID",0.02,"D",0.06,"A",0.04,"A",0.006,"I",0.004,"E",2.48,"A",0.17,"A",3.49,"E",1.13,"A",0.41,"I",1.68,"I",NA,"N"
"235","CF002",3,"GSWS09",1985,128.25,"E",7.6,"A",42.8,"A",20.12,"A",2.1,"A",9.09,"A",0.046,"A",0.042,"A",0.005,"D",NA,"N",0.07,"D",0.05,"D",0.04,"D",0.02,"D",0.07,"A",0.05,"A",0.009,"A",0.002,"A",2.44,"A",0.14,"A",3.47,"E",1.17,"A",NA,"N",NA,"N",NA,"N"
"236","CF002",3,"GSWS09",1986,130.7,"A",7.4,"A",42.2,"A",19.04,"A",10.68,"A",8.65,"A",0.054,"A",0.036,"A",0.018,"D",NA,"N",0.11,"D",0.04,"D",0.03,"D",0.06,"D",0.1,"A",0.04,"A",0.004,"A",0.01,"A",2.37,"A",0.16,"A",4.09,"E",1.22,"A",NA,"N",NA,"N",NA,"N"
"237","CF002",3,"GSWS09",1987,97.24,"E",7.4,"I",44.2,"I",19.79,"I",1.92,"I",8.71,"I",0.053,"IQ",0.048,"IQ",0.006,"IDQ",NA,"N",0.07,"ID",0.05,"ID",0.04,"ID",0.02,"ID",0.06,"I",0.04,"I",0.004,"I",0.009,"I",2.59,"I",0.16,"I",4.4,"IE",1.29,"I",NA,"N",NA,"N",NA,"N"
"238","CF002",3,"GSWS09",1988,96.38,"E",7.3,"I",43,"I",18.46,"I",2.25,"I",8.5,"I",0.042,"I",0.035,"I",0.007,"ID",0.017,"I",0.09,"ID",0.06,"ID",0.04,"ID",0.03,"ID",0.08,"I",0.05,"I",0.012,"I",0.006,"I",2.42,"I",0.11,"I",4.28,"IE",1.24,"I",0.42,"I",1.55,"I",NA,"N"
"239","CF002",3,"GSWS09",1989,140.81,"A",7.5,"I",41.2,"I",18.42,"I",5.57,"I",8.56,"I",0.041,"I",0.034,"I",0.008,"ID",0.02,"I",0.07,"ID",0.05,"ID",0.04,"ID",0.03,"ID",0.07,"I",0.05,"I",0.011,"I",0.001,"I",2.35,"I",0.15,"I",4.05,"I",1.17,"I",0.38,"I",1.38,"I",NA,"N"
"240","CF002",3,"GSWS09",1990,100.67,"E",7.5,"A",44.7,"A",20.33,"A",9.48,"A",8.73,"A",0.04,"A",0.027,"A",0.013,"D",0.016,"A",0.12,"ID",0.06,"ID",0.04,"ID",0.06,"ID",0.12,"I",0.06,"I",0.014,"A",0.002,"A",2.36,"A",0.16,"A",4.28,"A",1.25,"A",0.25,"A",1.43,"A",NA,"N"
"241","CF002",3,"GSWS09",1991,106.66,"E",7.5,"A",45.7,"A",20.75,"A",1.28,"A",8.94,"A",0.034,"I",0.029,"A",0.004,"ID",0.018,"A",0.06,"ID*",0.05,"ID*",0.04,"ID",0.01,"ID",0.06,"I",0.05,"I",0.011,"*",0.002,"*",2.39,"A",0.14,"A",4.39,"A",1.27,"A",0.18,"I",1.5,"I",NA,"N"
"242","CF002",3,"GSWS09",1992,85.43,"A",7.5,"A",46.7,"A",21.54,"A",1.35,"A",8.79,"A",0.033,"A",0.03,"A",0.003,"D",0.019,"A",0.05,"D*",0.05,"D*",0.04,"ID",0.01,"D",0.05,"A",0.05,"A",0.007,"I*",0.001,"*",2.43,"A",0.15,"A",4.37,"A",3.26,"A",0.19,"A",1.38,"A",NA,"N"
"243","CF002",3,"GSWS09",1993,153.89,"E",7.5,"A",43.5,"A",20.58,"A",0.85,"A",8.72,"A",0.032,"A",0.031,"A",0.002,"D",0.018,"A",0.05,"D*",0.04,"D*",0.03,"D",0.01,"D",0.05,"A",0.04,"A",0.006,"*",0.001,"*",2.34,"A",0.15,"A",4.46,"A",1.23,"A",0.18,"A",1.34,"A",NA,"N"
"244","CF002",3,"GSWS09",1994,69.58,"E",7.5,"A",47.1,"A",21.75,"A",1.2,"A",8.74,"A",0.031,"A",0.028,"A",0.003,"D",0.017,"A",0.06,"D*",0.04,"D*",0.04,"D",0.01,"D",0.06,"A",0.04,"A",0.004,"*",0.001,"*",2.47,"A",0.15,"A",4.74,"A",1.34,"A",0.22,"A",1.5,"A",NA,"N"
"245","CF002",3,"GSWS09",1995,137.24,"E",7.6,"Q",43.6,"Q",20.25,"Q",3.15,"A",8.62,"A",0.035,"A",0.031,"A",0.005,"D",0.018,"A",0.06,"D*",0.04,"D*",0.04,"ID",0.02,"D",0.06,"A",0.04,"A",0.006,"I*",0.001,"*",2.33,"A",0.14,"A",4.36,"A",1.22,"A",0.18,"A",1.44,"A",NA,"N"
"246","CF002",3,"GSWS09",1996,187.68,"E",7.5,"A",40.5,"A",19.29,"A",162.96,"A",8.53,"A",0.06,"A",0.028,"A",0.031,"D",0.017,"A",0.19,"ID",0.05,"D",0.04,"D",0.14,"ID",0.19,"I",0.05,"A",0.013,"*",0.004,"*",2.31,"A",0.18,"A",4.08,"A",1.13,"A",0.2,"A",1.26,"A",NA,"N"
"247","CF002",3,"GSWS09",1997,187.96,"E",7.5,"A",39.1,"A",18.25,"A",5.45,"A",8.3,"A",0.035,"A",0.028,"A",0.007,"D",0.016,"A",0.06,"D",0.03,"D",0.03,"D",0.02,"D",0.06,"A",0.03,"A",0.007,"*",0.001,"*",2.2,"A",0.18,"A",3.88,"A",1.1,"A",0.13,"A",1.23,"A",NA,"N"
"248","CF002",3,"GSWS09",1998,94.66,"E",7.5,"A",43.2,"A",18.87,"A",2.63,"A",8.47,"A",0.027,"A",0.025,"A",0.003,"D",0.015,"A",0.05,"D*",0.04,"D*",0.03,"D",0.01,"D",0.05,"A",0.04,"A",0.015,"*",0.001,"*",2.44,"A",0.16,"A",4.3,"A",1.21,"A",0.16,"I",1.89,"I",NA,"N"
"249","CF002",3,"GSWS09",1999,155.22,"A",7.4,"A",37.5,"A",17.79,"A",12.17,"A",8.39,"A",0.032,"A",0.025,"A",0.007,"D",0.017,"A",0.06,"D*",0.04,"D*",0.03,"D",0.02,"D",0.06,"A",0.04,"A",0.006,"*",0.001,"*",2.15,"A",0.16,"A",3.92,"A",1.08,"A",0.14,"I",1.15,"I",NA,"N"
"250","CF002",3,"GSWS09",2000,125.13,"E",7.4,"A",38.5,"A",18.21,"A",3.43,"A",8.44,"A",0.03,"A",0.026,"A",0.004,"D",0.018,"A",0.05,"D",0.04,"D",0.03,"D",0.01,"D",0.05,"A",0.04,"A",0.005,"*",0,"*",2.24,"A",0.17,"A",3.97,"A",1.13,"A",0.14,"A",1.48,"A",NA,"N"
"251","CF002",3,"GSWS09",2001,35.55,"E",7.5,"A",43.2,"A",20.17,"A",3.05,"A",8.17,"A",0.026,"A",0.022,"A",0.004,"D",0.013,"A",0.08,"DQ",0.06,"DQ",0.05,"D",0.02,"D",0.07,"A",0.06,"A",0.011,"*",0.001,"Q",2.41,"A",0.16,"A",4.59,"A",1.33,"A",0.22,"A",1.58,"A",1.66,"I"
"252","CF002",3,"GSWS09",2002,119.93,"A",7.4,"I",38.9,"I",18.29,"I",0.81,"A",8.3,"I",0.024,"A",0.022,"A",0.002,"D",0.016,"I",0.05,"ID*",0.04,"ID*",0.04,"ID",0.01,"ID",0.05,"I",0.04,"I",0.005,"I*",0,"I*",2.27,"I",0.14,"I",4.09,"I",1.14,"I",0.16,"I",1.27,"I",1.93,"I"
"253","CF002",3,"GSWS09",2003,102.37,"A",7.4,"A",41.6,"A",19.67,"A",0.99,"Q",8.37,"A",0.027,"A",0.022,"A",0.005,"D",0.016,"A",0.07,"D*",0.05,"D*",0.04,"D",0.02,"D",0.07,"A",0.05,"A",0.008,"*",0,"*",2.35,"A",0.17,"A",4.31,"A",1.35,"A",0.14,"A",1.16,"A",2.6,"I"
"254","CF002",3,"GSWS09",2004,115.49,"A",7.4,"A",40.2,"A",18.87,"A",0.8,"A",8.36,"A",0.028,"A",0.026,"A",0.003,"D",0.017,"A",0.07,"D",0.07,"ID",0.04,"ID",0.01,"ID",0.07,"A",0.07,"I",0.021,"*",0,"*",2.39,"A",0.16,"A",4.11,"A",1.31,"A",0.17,"A",1.19,"A",2.38,"I"
"255","CF002",3,"GSWS09",2005,55.54,"A",7.5,"A",45.8,"A",21.87,"A",1.72,"A",8.69,"A",0.029,"A",0.025,"A",0.005,"D",0.015,"A",0.09,"D*",0.07,"D*",0.06,"D*",0.02,"D",0.09,"I",0.07,"I",0.011,"*",0.001,"*",2.52,"A",0.16,"A",4.83,"A",1.03,"A",0.18,"A",1.04,"A",2.53,"A"
"256","CF002",3,"GSWS09",2006,137.22,"E",7.5,"A",40.1,"A",19.29,"A",2.72,"A",8.46,"A",0.032,"A",0.026,"A",0.006,"D",0.016,"A",0.06,"A",0.05,"A",0.03,"D*",0.02,"D",NA,"N",NA,"N",0.015,"*",0.001,"*",2.4,"A",0.17,"A",4.12,"A",1.1,"A",0.14,"A",1.17,"A",2.02,"A"
"257","CF002",3,"GSWS09",2007,111.89,"E",7.5,"Q",40.4,"I",18.5,"A",1.37,"Q",8.69,"Q",0.033,"Q",0.031,"Q",0.002,"DQ",0.017,"Q",0.07,"Q",0.06,"Q",0.05,"DQ",0.02,"DQ",NA,"N",NA,"N",0.006,"*",0,"*",2.43,"Q",0.17,"Q",4.02,"Q",1.44,"Q",0.16,"A",1.35,"I",2,"Q"
"258","CF002",3,"GSWS09",2008,139.6,"A",7.5,"A",40.5,"A",18.62,"A",1.57,"A",8.5,"A",0.032,"A",0.029,"A",0.003,"D",0.017,"A",0.08,"A",0.06,"A",0.05,"D*",0.02,"D",NA,"N",NA,"N",0.008,"*",0,"*",2.39,"A",0.16,"A",4.18,"A",1.05,"A",0.15,"A",1.3,"A",1.9,"A"
"259","CF002",3,"GSWS09",2009,110.11,"E",7.6,"A",41.8,"A",19.79,"A",30.41,"A",8.37,"A",0.043,"A",0.031,"A",0.012,"D",0.016,"A",0.07,"A",0.06,"A",0.05,"D*",0.02,"D",NA,"N",NA,"N",0.004,"*",0.001,"*",2.53,"A",0.18,"A",4.32,"A",1.09,"A",0.16,"A",1.29,"A",1.85,"A"
"260","CF002",3,"GSWS09",2010,90.35,"E",7.5,"A",43.5,"A",20.42,"A",2.24,"A",8.35,"A",0.028,"A",0.025,"A",0.003,"D",0.015,"A",0.08,"A",0.06,"A",0.05,"D*",0.02,"D",NA,"N",NA,"N",0.008,"*",0.001,"*",2.38,"A",0.17,"A",4.54,"A",0.91,"A",0.16,"A",1.34,"A",2.28,"A"
"261","CF002",3,"GSWS09",2011,146.15,"E",7.5,"A",41,"A",19.19,"A",3.66,"A",8.34,"A",0.023,"A",0.019,"A",0.004,"D",0.016,"A",0.07,"Q",0.06,"Q",0.05,"DQ",0.01,"DQ",NA,"N",NA,"N",0.01,"*",0.001,"*",2.37,"A",0.17,"A",4.27,"A",0.97,"A",0.14,"A",1.27,"A",1.96,"A"
"262","CF002",3,"GSWS09",2012,131.47,"E",7.5,"A",39.9,"A",19.12,"A",7.64,"A",8.38,"A",0.023,"A",0.018,"A",0.005,"D",0.016,"A",0.08,"A",0.04,"*",0.03,"D*",0.04,"D",NA,"N",NA,"N",0.013,"*",0.002,"*",2.34,"A",0.18,"A",4.24,"A",1.17,"A",0.15,"A",1.15,"A",1.95,"A"
"263","CF002",3,"GSWS09",2013,109.07,"E",7.5,"A",42,"A",20.31,"A",2.11,"A",8.62,"A",0.02,"A",0.017,"A",0.002,"D",0.016,"A",0.06,"A",0.05,"A",0.04,"D*",0.01,"D",NA,"N",NA,"N",0.005,"*",0.001,"*",2.44,"A",0.18,"A",4.44,"A",1.24,"A",0.15,"A",1.05,"A",2.09,"A"
"264","CF002",3,"GSWS09",2014,110.73,"A",7.5,"A",42,"A",20.09,"A",1.58,"A",8.45,"A",0.022,"A",0.019,"A",0.003,"D",0.016,"A",0.06,"A",0.04,"A",0.04,"D*",0.02,"D",NA,"N",NA,"N",0.006,"*",0,"*",2.41,"A",0.17,"A",4.52,"A",1.24,"A",0.14,"A",1.21,"A",2.05,"A"
"265","CF002",3,"GSWS09",2015,78.41,"E",7.4,"A",42.9,"A",20.07,"A",1.66,"A",8.5,"A",0.021,"A",0.018,"A",0.002,"D",0.017,"A",0.07,"A",0.06,"*",0.06,"D*",0.01,"D",NA,"N",NA,"N",0.005,"*",0.001,"*",2.44,"A",0.16,"A",4.55,"A",1.25,"A",0.16,"A",1.1,"A",1.99,"A"
"266","CF002",3,"GSWS09",2016,108.9,"A",7.5,"A",39.9,"A",19.02,"A",0.61,"A",8.27,"A",0.02,"A",0.018,"A",0.002,"D",0.018,"A",0.05,"A",0.05,"*",0.05,"D*",0,"D",NA,"N",NA,"N",0.004,"*",0,"*",2.29,"A",0.16,"A",4.1,"A",1.15,"A",0.15,"A",1.23,"A",2.09,"A"
"267","CF002",3,"GSWS09",2017,158.84,"A",7.5,"A",41.8,"A",19.64,"A",1.37,"A",8.31,"A",0.021,"A",0.019,"A",0.002,"D",0.02,"A",0.05,"A",0.04,"*",0.04,"D*",0.01,"D",NA,"N",NA,"N",0.004,"*",0.004,"*",2.42,"A",0.16,"A",4.42,"A",1.23,"A",0.14,"A",1.1,"A",1.91,"A"
"268","CF002",3,"GSWS09",2018,93.55,"A",7.5,"A",41.9,"I",20.8,"A",0.82,"A",8.58,"A",0.021,"A",0.02,"A",0.002,"D",0.02,"A",0.06,"A",0.05,"A",0.04,"D*",0.01,"D",NA,"N",NA,"N",0.008,"*",0,"*",2.42,"A",0.16,"A",4.52,"A",1.24,"A",0.15,"A",1.05,"A",1.97,"A"
"269","CF002",3,"GSWS10",1969,168.37,"E",7.1,"I",NA,"N",17.08,"E",4.07,"E",5.1,"IQ",NA,"N",0.038,"E",NA,"N",0.025,"E",NA,"N",0.04,"DE",0.04,"DE",NA,"N",NA,"N",0.04,"E",0.003,"E",0,"E",2,"E",0.08,"E",3.18,"E",0.75,"E",NA,"N",NA,"N",NA,"N"
"270","CF002",3,"GSWS10",1970,133.07,"E",7.2,"I",35,"I",17.37,"A",2.85,"E",7.41,"Q",NA,"N",0.039,"E",NA,"N",0.032,"E",NA,"N",0.03,"DE",0.03,"DE",NA,"N",NA,"N",0.03,"E",0.003,"I",0,"E",1.92,"E",0.17,"E",3.76,"E",0.93,"E",0.73,"I",NA,"N",NA,"N"
"271","CF002",3,"GSWS10",1971,170.28,"E",7.3,"I",66,"I",16.33,"A",2.15,"E",5.73,"Q",NA,"N",0.08,"A",NA,"N",0.041,"A",NA,"N",0.04,"DE",0.04,"DE",NA,"N",NA,"N",0.04,"E",0,"I",0,"A",2.18,"A",0.06,"A",3.53,"A",1.04,"A",0.44,"E",NA,"N",NA,"N"
"272","CF002",3,"GSWS10",1972,225.75,"E",7.2,"A",40.5,"I",14.75,"A",12.98,"E",6.23,"IQ",NA,"N",0.048,"A",NA,"N",0.037,"A",NA,"N",0.03,"D",0.03,"D",NA,"N",NA,"N",0.03,"A",0,"A",0.002,"A",1.9,"A",0.14,"A",3.07,"A",0.73,"A",0.13,"IE",NA,"N",NA,"N"
"273","CF002",3,"GSWS10",1973,79.61,"E",7.2,"I",NA,"N",17.75,"A",1.22,"E",4.68,"Q",NA,"N",0.052,"E",NA,"N",0.039,"A",NA,"N",0.04,"D",0.04,"ID",NA,"N",NA,"N",0.04,"A",0,"I",0.002,"A",1.76,"E",0.19,"A",2.98,"E",0.83,"A",NA,"N",NA,"N",NA,"N"
"274","CF002",3,"GSWS10",1974,228.12,"A",6.9,"IE",NA,"N",17.71,"A",15.84,"E",4.73,"Q",0.08,"IE",0.056,"E",0.019,"IDE",0.043,"E",NA,"N",0.07,"DE",NA,"N",NA,"N",NA,"N",0.04,"E",NA,"N",0.031,"E",1.98,"A",0.47,"A",3.45,"A",0.86,"A",NA,"N",NA,"N",NA,"N"
"275","CF002",3,"GSWS10",1975,150.47,"A",7.7,"IE",56.3,"I",16.54,"A",8.12,"E",5.76,"Q",0.071,"E",0.049,"A",0.021,"DE",0.034,"A",NA,"N",0.03,"D",NA,"N",NA,"N",NA,"N",0.02,"A",NA,"N",0.005,"A",2.01,"A",0.22,"A",2.9,"A",0.76,"A",NA,"N",NA,"N",NA,"N"
"276","CF002",3,"GSWS10",1976,193.99,"E",7.2,"I",34.1,"IE",15.42,"A",73.75,"A",4.24,"Q",0.083,"A",0.062,"A",0.021,"D",0.038,"A",NA,"N",0.06,"D",NA,"N",NA,"N",NA,"N",0.04,"A",NA,"N",0.02,"A",2.08,"A",0.3,"A",3.69,"A",0.81,"A",NA,"N",NA,"N",NA,"N"
"277","CF002",3,"GSWS10",1977,71.37,"E",7.4,"A",44.8,"A",20,"A",1.91,"A",5.82,"Q",0.061,"A",0.045,"A",0.015,"D",0.027,"A",NA,"N",0.11,"D",NA,"N",NA,"N",NA,"N",0.06,"A",NA,"N",0.05,"A",2.36,"A",0.37,"A",4.58,"A",0.98,"A",NA,"N",NA,"N",NA,"N"
"278","CF002",3,"GSWS10",1978,182.6,"A",7.1,"E",35.2,"I",16.08,"A",41.56,"A",5.76,"Q",0.077,"E",0.059,"A",0.018,"DE",0.035,"A",0.11,"ID",0.11,"D",0.04,"ID",0.01,"ID",0.09,"I",0.07,"A",0.008,"I",0.04,"A",2.04,"A",0.31,"A",3.23,"A",0.81,"A",0.2,"I",2.37,"I",NA,"N"
"279","CF002",3,"GSWS10",1979,136.08,"E",7.3,"A",NA,"N",15.83,"A",11.86,"A",6.49,"Q",0.064,"E",0.052,"A",0.011,"DE",0.039,"A",0.13,"D",0.1,"D",0.04,"ID",0.03,"D",0.09,"A",0.06,"A",0.019,"I",0.037,"A",1.71,"A",0.43,"A",3.82,"A",0.74,"A",0.23,"A",1.16,"A",NA,"N"
"280","CF002",3,"GSWS10",1980,130.32,"E",7.2,"A",72.1,"I",18.87,"A",7.07,"A",8.47,"Q",0.065,"A",0.055,"A",0.01,"D",0.034,"A",0.1,"DE",0.07,"DE",0.04,"DE",0.03,"DE",0.08,"E",0.05,"E",0.011,"A",0.014,"A",2.14,"A",0.36,"E",3.48,"A",0.88,"A",0.24,"I",4.22,"I",NA,"N"
"281","CF002",3,"GSWS10",1981,135.75,"A",7.2,"A",37.5,"A",20.83,"A",3.79,"A",9.29,"Q",0.068,"A",0.058,"A",0.01,"D",0.034,"A",0.08,"DE",0.06,"DE",0.04,"DE",0.02,"DE",0.08,"E",0.05,"E",0.012,"A",0.008,"A",2.04,"A",0.27,"A",3.54,"A",0.95,"A",NA,"N",NA,"N",NA,"N"
"282","CF002",3,"GSWS10",1982,207.61,"A",7.1,"A",30,"A",14.62,"A",8.76,"A",7.28,"Q",0.077,"I",0.064,"A",0.014,"ID",0.038,"I",0.08,"ID",0.05,"D",0.04,"ID",0.03,"ID",0.07,"I",0.05,"A",0.006,"I",0.005,"A",1.96,"A",0.25,"A",3.16,"A",0.8,"A",NA,"N",NA,"N",NA,"N"
"283","CF002",3,"GSWS10",1983,192.6,"A",7.3,"A",32.7,"A",15.42,"A",4.53,"A",6.52,"Q",0.067,"A",0.058,"A",0.009,"D",NA,"N",0.07,"D",0.05,"D",0.03,"D",0.02,"D",0.07,"A",0.04,"A",0.013,"A",0.005,"A",1.96,"A",0.24,"A",3.15,"E",0.84,"A",NA,"N",NA,"N",NA,"N"
"284","CF002",3,"GSWS10",1984,203.29,"A",7.2,"A",29.8,"A",16.17,"A",5.43,"A",9.42,"A",0.061,"A",0.052,"A",0.008,"D",NA,"N",0.06,"DE",0.03,"DE",0.03,"D",0.03,"D",0.06,"A",0.03,"A",0.006,"A",0.004,"E",2.11,"A",0.23,"A",3.09,"E",0.79,"A",0.31,"I",1.07,"I",NA,"N"
"285","CF002",3,"GSWS10",1985,140.01,"A",7.6,"I",35.2,"I",16.87,"I",5.46,"I",9.29,"I",0.066,"I",0.061,"I",0.007,"ID",NA,"N",0.07,"ID",0.04,"ID",0.02,"ID",0.03,"ID",0.07,"I",0.04,"I",0.021,"I",0.003,"I",2.1,"I",0.19,"I",3.01,"IE",0.83,"I",NA,"N",NA,"N",NA,"N"
"286","CF002",3,"GSWS10",1986,162.92,"E",7.4,"A",35.6,"A",16.46,"A",3.65,"A",9.45,"A",0.068,"A",0.058,"A",0.011,"D",NA,"N",0.05,"D",0.02,"D",0.01,"D",0.02,"D",0.04,"A",0.02,"A",0.008,"A",0.003,"A",2.2,"A",0.23,"A",3.51,"E",0.89,"A",NA,"N",NA,"N",NA,"N"
"287","CF002",3,"GSWS10",1987,117.76,"E",7.4,"A",35.8,"A",16.71,"A",19.59,"A",8.89,"A",0.07,"A",0.06,"A",0.01,"D",NA,"N",0.06,"D",0.04,"D",0.03,"D",0.02,"D",0.06,"A",0.04,"A",0.005,"A",0.004,"A",2.27,"A",0.22,"A",3.58,"E",0.93,"A",NA,"N",NA,"N",NA,"N"
"288","CF002",3,"GSWS10",1988,115.92,"A",7.4,"A",35.4,"A",16.08,"A",14.16,"A",8.86,"A",0.065,"A",0.052,"A",0.013,"D",0.025,"I",0.06,"D",0.04,"D",0.02,"D",0.03,"D",0.06,"A",0.03,"A",0.013,"A",0.004,"A",2.14,"A",0.17,"A",3.55,"E",0.89,"A",NA,"N",NA,"N",NA,"N"
"289","CF002",3,"GSWS10",1989,149.09,"E",7.4,"A",32.5,"A",15.42,"A",21.03,"A",8.84,"A",0.062,"A",0.053,"A",0.01,"D",0.038,"A",0.08,"D",0.04,"D",0.03,"D",0.04,"D",0.07,"A",0.04,"A",0.012,"A",0.007,"A",2.04,"A",0.2,"A",3.2,"A",0.83,"A",0.3,"I",0.99,"I",NA,"N"
"290","CF002",3,"GSWS10",1990,120.76,"A",7.4,"I",35.3,"I",16.79,"I",8.81,"A",8.85,"A",0.059,"A",0.047,"A",0.013,"D",0.034,"A",0.07,"D",0.04,"D",0.02,"D",0.03,"D",0.07,"A",0.04,"A",0.013,"A",0.003,"A",2.06,"A",0.21,"A",3.39,"A",0.87,"A",0.27,"A",1.01,"I",NA,"N"
"291","CF002",3,"GSWS10",1991,118.51,"A",7.4,"A",35.9,"A",17.08,"A",4.76,"A",9.02,"A",0.054,"A",0.046,"A",0.007,"D",0.034,"A",0.05,"D*",0.03,"D*",0.02,"D",0.01,"D",0.05,"A",0.03,"A",0.009,"*",0.002,"*",2.08,"A",0.18,"A",3.48,"A",0.89,"A",0.13,"I",1.09,"I",NA,"N"
"292","CF002",3,"GSWS10",1992,91.54,"A",7.4,"A",37.5,"A",17.87,"A",2.84,"A",8.73,"A",0.049,"A",0.043,"A",0.006,"D",0.032,"A",0.05,"D*",0.03,"D*",0.02,"ID",0.02,"D",0.05,"A",0.03,"A",0.009,"I*",0.001,"*",2.15,"A",0.19,"A",3.54,"A",2.88,"A",0.13,"A",1.18,"A",NA,"N"
"293","CF002",3,"GSWS10",1993,171.19,"E",7.4,"A",34.4,"A",16.79,"A",2.4,"A",8.69,"A",0.05,"A",0.046,"A",0.004,"D",0.033,"A",0.04,"D*",0.03,"D*",0.03,"D",0.01,"D",0.04,"A",0.03,"A",0.006,"*",0.001,"*",1.99,"A",0.19,"A",3.52,"A",0.84,"A",0.13,"A",0.93,"A",NA,"N"
"294","CF002",3,"GSWS10",1994,76.69,"A",7.5,"A",37.4,"A",17.83,"A",2.11,"A",8.59,"A",0.045,"A",0.041,"A",0.004,"D",0.03,"A",0.04,"D*",0.03,"D*",0.03,"D",0.01,"D",0.04,"A",0.03,"A",0.005,"*",0.001,"*",2.16,"A",0.2,"A",3.79,"A",0.94,"A",0.15,"A",1.03,"A",NA,"N"
"295","CF002",3,"GSWS10",1995,159.42,"A",7.5,"Q",36.3,"Q",17.46,"Q",2.46,"A",8.77,"A",0.049,"A",0.045,"A",0.004,"D",0.032,"A",0.04,"D",0.03,"D",0.03,"D",0.01,"D",0.04,"A",0.03,"A",0.006,"*",0.001,"*",2.08,"A",0.18,"A",3.63,"A",0.89,"A",0.1,"A",1.02,"A",NA,"N"
"296","CF002",3,"GSWS10",1996,234.97,"E",7.5,"A",35.5,"A",17.71,"A",50.44,"A",8.83,"A",0.075,"A",0.046,"A",0.029,"D",0.034,"A",0.11,"D",0.04,"D",0.02,"D",0.07,"D",0.11,"*",0.03,"A",0.016,"*",0.003,"*",2.11,"A",0.21,"A",3.62,"A",0.88,"A",0.16,"A",0.8,"A",NA,"N"
"297","CF002",3,"GSWS10",1997,236.5,"E",7.5,"A",32.3,"A",16.29,"A",9.17,"A",8.45,"A",0.053,"A",0.046,"A",0.006,"D",0.033,"A",0.04,"D",0.03,"D",0.01,"D",0.02,"D",0.04,"A",0.02,"*",0.008,"*",0.002,"*",1.97,"A",0.21,"A",3.35,"A",0.85,"A",0.1,"A",0.72,"A",NA,"N"
"298","CF002",3,"GSWS10",1998,125.92,"E",7.5,"A",37.7,"A",17.71,"A",2.32,"A",8.85,"A",0.047,"A",0.043,"A",0.004,"D",0.031,"A",0.05,"D",0.03,"D",0.02,"D",0.01,"D",0.04,"*",0.03,"A",0.012,"*",0.006,"*",2.23,"A",0.18,"A",3.84,"A",0.95,"A",0.11,"I",1.17,"I",NA,"N"
"299","CF002",3,"GSWS10",1999,201.55,"A",7.4,"A",32.3,"A",15.96,"A",24.05,"A",8.63,"A",0.054,"A",0.043,"A",0.011,"D",0.034,"A",0.05,"D*",0.02,"D*",0.02,"D*",0.03,"D",0.05,"*",0.02,"*",0.006,"*",0.001,"*",1.96,"A",0.19,"A",3.41,"A",0.83,"A",0.1,"I",0.81,"I",NA,"N"
"300","CF002",3,"GSWS10",2000,157.27,"A",7.4,"A",33.3,"A",16.5,"A",1.78,"A",8.6,"A",0.045,"A",0.041,"A",0.004,"D",0.033,"A",0.03,"D",0.03,"D",0.02,"D",0.01,"D",0.03,"*",0.03,"A",0.01,"*",0.003,"*",2.03,"A",0.2,"A",3.49,"A",0.81,"A",0.11,"A",1.07,"A",NA,"N"
"301","CF002",3,"GSWS10",2001,54.92,"E",7.5,"A",41.3,"A",19,"A",1.85,"A",8.47,"A",0.04,"A",0.034,"A",0.006,"D",0.024,"A",0.06,"DQ",0.04,"DQ",0.03,"D",0.02,"D",0.06,"A",0.04,"A",0.008,"*",0.005,"Q",2.42,"A",0.19,"A",4.34,"A",1.08,"A",0.13,"A",1.83,"A",NA,"N"
"302","CF002",3,"GSWS10",2002,148.54,"E",7.4,"I",34.1,"I",16.71,"I",1.96,"A",8.42,"I",0.043,"A",0.04,"A",0.003,"D",0.032,"I",0.04,"ID",0.03,"ID",0.03,"ID",0.01,"ID",0.04,"I",0.03,"I",0.006,"I*",0.001,"I*",2.05,"I",0.19,"I",3.68,"I",0.86,"I",0.11,"I",0.93,"I",1,"I"
"303","CF002",3,"GSWS10",2003,128.02,"A",7.4,"A",36.2,"A",17.58,"A",1.44,"A",8.54,"A",0.042,"A",0.038,"A",0.004,"D",0.031,"A",0.05,"D",0.04,"D",0.03,"D",0.01,"D",0.05,"A",0.04,"A",0.01,"*",0.001,"*",2.18,"A",0.21,"A",3.81,"A",1,"A",0.11,"A",1.03,"A",1.39,"I"
"304","CF002",3,"GSWS10",2004,128.93,"A",7.4,"A",36.1,"A",17.37,"A",1.37,"A",8.56,"A",0.044,"A",0.042,"A",0.003,"D",0.033,"A",0.05,"D",0.05,"D",0.04,"D*",0.01,"D",0.05,"A",0.05,"A",0.012,"*",0.001,"*",2.22,"A",0.21,"A",3.74,"A",0.95,"A",0.14,"A",1.03,"A",1.1,"I"
"305","CF002",3,"GSWS10",2005,87,"E",7.5,"A",41.5,"A",19.92,"A",2.54,"A",8.86,"A",0.046,"A",0.04,"A",0.006,"D",0.03,"A",0.07,"D*",0.05,"D*",0.04,"D*",0.02,"D",0.07,"I",0.05,"I",0.008,"*",0.001,"*",2.03,"A",0.2,"A",4.37,"A",0.75,"A",0.12,"A",1,"A",1.32,"A"
"306","CF002",3,"GSWS10",2006,159.44,"E",7.4,"A",35.3,"A",17.29,"A",6.23,"A",8.56,"A",0.05,"Q",0.044,"A",0.005,"DQ",0.033,"A",0.05,"*",0.04,"A",0.02,"D*",0.02,"D",NA,"N",NA,"N",0.012,"*",0.001,"*",2.21,"A",0.21,"A",3.68,"A",0.83,"A",0.1,"A",1,"A",1.12,"A"
"307","CF002",3,"GSWS10",2007,137.6,"E",7.4,"Q",35.5,"I",17,"A",3.5,"Q",8.83,"Q",0.052,"Q",0.048,"Q",0.004,"DQ",0.033,"Q",0.05,"Q",0.04,"Q",0.03,"DQ",0.02,"DQ",NA,"N",NA,"N",0.003,"Q",0.001,"Q",2.21,"Q",0.22,"Q",3.61,"Q",1.05,"Q",0.11,"A",0.95,"I",1.03,"Q"
"308","CF002",3,"GSWS10",2008,155.66,"E",7.5,"A",36.4,"A",17.17,"A",1.75,"A",8.7,"A",0.051,"A",0.048,"A",0.003,"D",0.035,"A",0.06,"A",0.05,"A",0.03,"D*",0.01,"D",NA,"N",NA,"N",0.005,"I*",0.001,"*",2.22,"A",0.2,"A",3.84,"A",0.81,"A",0.12,"A",1.08,"A",0.97,"A"
"309","CF002",3,"GSWS10",2009,136.75,"A",7.5,"A",35.9,"A",17.42,"A",14.4,"A",8.16,"A",0.058,"A",0.048,"A",0.01,"D",0.032,"A",0.06,"Q",0.05,"A",0.04,"D*",0.01,"DQ",NA,"N",NA,"N",0.006,"*",0.001,"*",2.22,"A",0.23,"A",3.81,"A",0.81,"A",0.11,"A",1.05,"A",1,"A"
"310","CF002",3,"GSWS10",2010,117.87,"E",7.5,"A",38.9,"A",18.75,"A",2.99,"A",8.51,"A",0.047,"A",0.042,"A",0.005,"D",0.032,"A",0.05,"A",0.04,"A",0.03,"D*",0.01,"D",NA,"N",NA,"N",0.006,"*",0,"*",2.19,"A",0.21,"A",4.09,"A",0.68,"A",0.12,"A",1.14,"A",1.07,"A"
"311","CF002",3,"GSWS10",2011,175.75,"E",7.5,"A",36.1,"A",17.47,"A",5.09,"A",8.37,"A",0.041,"A",0.036,"A",0.005,"D",0.033,"A",0.05,"A",0.04,"A",0.03,"D*",0.01,"D",NA,"N",NA,"N",0.013,"*",0.001,"*",2.15,"A",0.21,"A",3.84,"A",0.74,"A",0.11,"A",0.96,"A",0.96,"A"
"312","CF002",3,"GSWS10",2012,158.04,"E",7.4,"A",34.7,"A",17.05,"A",9.92,"A",8.31,"A",0.039,"A",0.033,"A",0.006,"D",0.031,"A",0.04,"*",0.02,"*",0.02,"DQ",0.02,"D",NA,"N",NA,"N",0.007,"Q",0.002,"*",2.1,"A",0.21,"A",3.72,"A",0.92,"A",0.11,"A",0.92,"A",0.97,"A"
"313","CF002",3,"GSWS10",2013,123.83,"E",7.5,"A",38,"A",18.62,"A",2.38,"A",8.69,"A",0.036,"A",0.034,"A",0.003,"D",0.032,"A",0.04,"A",0.02,"*",0.02,"D*",0.02,"D",NA,"N",NA,"N",0.006,"*",0.001,"*",2.28,"A",0.22,"A",4.05,"A",1.01,"A",0.12,"A",0.94,"A",0.98,"A"
"314","CF002",3,"GSWS10",2014,132.45,"A",7.5,"A",36.8,"A",18.13,"A",4.81,"A",8.62,"A",0.042,"A",0.036,"A",0.006,"D",0.033,"A",0.04,"A",0.02,"*",0.02,"D*",0.02,"D",NA,"N",NA,"N",0.005,"*",0.001,"*",2.2,"A",0.23,"A",3.94,"A",0.98,"A",0.11,"A",0.9,"A",0.91,"A"
"315","CF002",3,"GSWS10",2015,91.03,"E",7.3,"A",39,"A",18.61,"A",9.68,"A",8.4,"A",0.041,"A",0.037,"A",0.005,"D",0.035,"A",0.06,"A",0.04,"*",0.03,"D*",0.02,"D",NA,"N",NA,"N",0.01,"*",0.001,"*",2.28,"A",0.21,"A",4.16,"A",1.03,"A",0.12,"A",0.97,"A",1.13,"A"
"316","CF002",3,"GSWS10",2016,141.56,"E",7.5,"A",36.2,"A",17.77,"A",2.66,"A",8.39,"A",0.04,"A",0.036,"A",0.004,"D",0.035,"A",0.03,"*",0.02,"*",0.02,"D*",0.01,"D",NA,"N",NA,"N",0.004,"*",0.001,"*",2.15,"A",0.21,"A",3.77,"A",0.94,"A",0.11,"A",0.97,"A",1.03,"A"
"317","CF002",3,"GSWS10",2017,166.03,"A",7.5,"A",36.9,"A",17.81,"A",2.84,"A",8.36,"A",0.041,"A",0.037,"A",0.004,"D",0.038,"A",0.03,"*",0.02,"*",0.02,"D*",0.01,"D",NA,"N",NA,"N",0.003,"*",0.001,"*",2.2,"A",0.21,"A",3.93,"A",0.98,"A",0.11,"A",0.89,"A",0.93,"A"
"318","CF002",3,"GSWS10",2018,112.87,"A",7.5,"A",39.3,"I",18.98,"A",1.47,"A",8.8,"A",0.041,"A",0.038,"A",0.003,"D",0.037,"A",0.03,"A",0.02,"*",0.02,"D",0.01,"D",NA,"N",NA,"N",0.008,"*",0,"*",2.27,"A",0.2,"A",4.11,"A",1.01,"A",0.11,"A",0.91,"A",0.98,"A"
